slug,city,country,category,total,tier1,tier2,tier3,numPicks,faqCount,critical,issues
"hungary","","","restaurants/food",0,0,0,0,undefined,undefined,true,"NO_PICKS"
"taiwan","Taiwan","TW","country hub",0,0,0,0,undefined,undefined,true,"NO_PICKS"
"mechelen-day-trip","Mechelen, Belgium","","restaurants/food",62,47,10,5,8,3,false,"MISSING_REDDIT_QUOTES:8 picks; MISSING_RATING:5 picks; LOW_FAQ:3; MISSING_HOURS:6 picks; MISSING_WEBSITE:5 picks; MISSING_PHONE:5 picks; MISSING_PRICE:8 picks; NO_METHODOLOGY; INCOMPLETE_SUMMARY"
"antwerp-frites","Antwerp, Belgium","","shopping",66,45,19,2,8,0,true,"MISSING_REDDIT_QUOTES:8 picks; MISSING_RATING:3 picks; NO_FAQ; MISSING_HOURS:5 picks; MISSING_WEBSITE:5 picks; NO_METHODOLOGY"
"bruges-hidden-canals","Bruges","BE","restaurants/food",69,52,14,3,10,5,true,"MISSING_PHOTOS:10 picks; MISSING_HOURS:7 picks; MISSING_WEBSITE:8 picks; MISSING_PHONE:8 picks; MISSING_PRICE:10 picks; INCOMPLETE_SUMMARY"
"lalibela-rock-churches","Lalibela","ET","restaurants/food",69,52,10,7,13,6,true,"MISSING_PHOTOS:1 picks; MISSING_REDDIT_QUOTES:6 picks; MISSING_RATING:9 picks; MISSING_HOURS:12 picks; MISSING_WEBSITE:13 picks; MISSING_PHONE:11 picks; MISSING_PRICE:9 picks; NO_METHODOLOGY"
"essaouira-port-seafood","&#127843; Popular Picks &mdash; Essaouira, Morocco","","restaurants/food",73,52,14,7,5,5,false,"MISSING_REDDIT_QUOTES:5 picks; MISSING_HOURS:3 picks; MISSING_WEBSITE:4 picks; MISSING_PHONE:3 picks; MISSING_PRICE:5 picks; INCOMPLETE_SUMMARY"
"kalahari-bushman-cultural-experiences","Makgadikgadi Pans","BW","activities",73,48,18,7,11,6,false,"MISSING_REDDIT_QUOTES:11 picks; MISSING_RATING:8 picks; MISSING_HOURS:11 picks; MISSING_WEBSITE:9 picks; MISSING_PHONE:10 picks"
"tsodilo-hills-rock-art","Tsodilo Hills","BW","lodging",73,57,13,3,12,5,false,"MISSING_RATING:8 picks; MISSING_HOURS:12 picks; MISSING_WEBSITE:12 picks; MISSING_PHONE:12 picks; MISSING_PRICE:10 picks"
"taipei-night-markets","Taipei","TW","markets",76,49,25,2,8,4,true,"MISSING_COORDS:8 picks; MISSING_RATING:2 picks; MISSING_HOURS:2 picks; MISSING_WEBSITE:3 picks; MISSING_PHONE:5 picks"
"addis-ababa-coffee-ceremonies","Addis Ababa","ET","coffee shops",77,58,16,3,12,5,false,"MISSING_RATING:4 picks; MISSING_HOURS:7 picks; MISSING_WEBSITE:8 picks; MISSING_PRICE:12 picks; INCOMPLETE_SUMMARY"
"andasibe-lemur-lodges","Madagascar","MG","lodging",77,55,19,3,10,5,false,"MISSING_REDDIT_QUOTES:1 picks; MISSING_RATING:8 picks; MISSING_HOURS:10 picks; MISSING_WEBSITE:9 picks; MISSING_PHONE:8 picks"
"luang-prabang-night-market-food","","","restaurants/food",77,50,21,6,12,5,false,"MAP_DISABLED; MISSING_WEBSITE:4 picks; NO_METHODOLOGY; INCOMPLETE_SUMMARY"
"tayrona-beach-camping","Tayrona, Colombia","","activities",77,58,15,4,12,6,false,"MISSING_REDDIT_QUOTES:3 picks; MISSING_RATING:1 picks; MISSING_HOURS:10 picks; MISSING_WEBSITE:6 picks; MISSING_PHONE:8 picks; MISSING_PRICE:12 picks; INCOMPLETE_SUMMARY"
"brussels-waffles","Brussels","BE","restaurants/food",78,49,23,6,10,5,true,"MISSING_PHOTOS:10 picks; MISSING_RATING:6 picks; MISSING_HOURS:6 picks; MISSING_WEBSITE:4 picks; MISSING_PHONE:7 picks"
"chobe-river-sunset-cruises","Chobe","BW","activities",78,50,21,7,13,6,true,"MISSING_PHOTOS:13 picks; MISSING_RATING:6 picks; MISSING_HOURS:12 picks; MISSING_WEBSITE:4 picks; MISSING_PHONE:8 picks"
"namibrand-stargazing","NamibRand","NA","lodging",78,52,20,6,10,5,false,"MISSING_REDDIT_QUOTES:10 picks; MISSING_RATING:1 picks; MISSING_HOURS:8 picks; NO_METHODOLOGY"
"istanbul-breakfast","Istanbul","Turkey","restaurants/food",79,60,17,2,12,5,false,"MISSING_HOURS:12 picks; MISSING_WEBSITE:12 picks; MISSING_PHONE:12 picks"
"kolkata-street-food","Kolkata","India","street-food",79,60,17,2,12,5,false,"MISSING_HOURS:12 picks; MISSING_WEBSITE:12 picks; MISSING_PHONE:12 picks"
"makgadikgadi-salt-pans","Ntwetwe Pan","BW","activities",79,56,16,7,13,6,false,"MISSING_RATING:10 picks; MISSING_HOURS:13 picks; MISSING_WEBSITE:13 picks; MISSING_PHONE:13 picks; MISSING_PRICE:3 picks"
"mexico-city-coffee-shops","Mexico City","","coffee shops",79,54,22,3,14,0,true,"MISSING_RATING:3 picks; NO_FAQ; MISSING_HOURS:4 picks; MISSING_WEBSITE:6 picks; NO_METHODOLOGY"
"bali-surf-breaks","Kuta","ID","activities",80,59,17,4,16,6,false,"MISSING_REDDIT_QUOTES:2 picks; MISSING_HOURS:7 picks; MISSING_WEBSITE:7 picks; MISSING_PHONE:9 picks; MISSING_PRICE:16 picks; INCOMPLETE_SUMMARY"
"best-pintxos-in-san-sebastian","San Sebastián","ES","restaurants/food",80,50,27,3,12,5,false,"MAP_DISABLED; MISSING_RATING:1 picks; MISSING_HOURS:3 picks; MISSING_WEBSITE:4 picks"
"kyoto-bamboo-grove-walks","Kyoto","Japan","walks",80,60,14,6,12,5,false,"MISSING_HOURS:12 picks; MISSING_WEBSITE:10 picks; MISSING_PHONE:12 picks; NO_METHODOLOGY"
"addis-ababa-injera","Addis Ababa","ET","lodging",81,59,19,3,12,5,false,"MISSING_RATING:2 picks; MISSING_HOURS:4 picks; MISSING_WEBSITE:7 picks; MISSING_PRICE:11 picks"
"aswan-felucca-rides","Aswan","","lodging",81,60,18,3,10,5,false,"MISSING_HOURS:4 picks; MISSING_WEBSITE:5 picks; MISSING_PRICE:10 picks; INCOMPLETE_SUMMARY"
"best-live-music-venues-in-dakar","Dakar","SN","restaurants/food",81,57,21,3,9,5,false,"MISSING_RATING:6 picks; MISSING_HOURS:7 picks; MISSING_WEBSITE:6 picks; MISSING_PHONE:6 picks"
"fez-leather-tanneries","Fez","MA","restaurants/food",81,60,14,7,5,6,false,"MISSING_WEBSITE:2 picks; MISSING_PHONE:4 picks; MISSING_PRICE:5 picks; NO_METHODOLOGY; INCOMPLETE_SUMMARY"
"nata-bird-sanctuary","Nata","BW","restaurants/food",81,56,18,7,15,6,true,"MISSING_PHOTOS:2 picks; MISSING_RATING:8 picks; MISSING_HOURS:12 picks; MISSING_WEBSITE:12 picks; MISSING_PHONE:11 picks; MISSING_PRICE:7 picks"
"yangon-tea-houses","Yangon","MM","shopping",81,60,18,3,7,5,false,"MISSING_WEBSITE:5 picks; MISSING_PRICE:5 picks; NO_METHODOLOGY"
"antwerp-fashion-shopping","Antwerp","BE","shopping",82,52,27,3,10,5,false,"MISSING_REDDIT_QUOTES:10 picks; MISSING_PHONE:6 picks"
"boseong-green-tea-desserts","Jeollanam-do","KR","lodging",82,57,22,3,9,5,false,"MISSING_REDDIT_QUOTES:1 picks; MISSING_RATING:4 picks; MISSING_HOURS:5 picks; MISSING_WEBSITE:6 picks; MISSING_PHONE:5 picks"
"medellin-bandeja-paisa","Medellín, Colombia","","restaurants/food",82,54,21,7,10,5,false,"MISSING_REDDIT_QUOTES:5 picks; MISSING_RATING:4 picks; MISSING_HOURS:4 picks; MISSING_WEBSITE:5 picks; MISSING_PRICE:9 picks"
"porto-francesinha","Porto","Portugal","restaurants/food",82,60,17,5,12,5,false,"MISSING_HOURS:12 picks; MISSING_WEBSITE:11 picks; MISSING_PHONE:12 picks"
"best-thieboudienne-in-dakar","Dakar","SN","shopping",83,58,22,3,9,5,false,"MISSING_RATING:3 picks; MISSING_HOURS:5 picks; MISSING_WEBSITE:8 picks"
"jeffreys-bay-surf-breaks","Jeffreys Bay","ZA","activities",83,58,19,6,10,5,false,"MISSING_REDDIT_QUOTES:3 picks; MISSING_RATING:1 picks; MISSING_HOURS:3 picks; MISSING_WEBSITE:4 picks; MISSING_PRICE:10 picks; INCOMPLETE_SUMMARY"
"accra-jollof-rice","Accra","GH","jollof rice",84,56,24,4,10,6,false,"MISSING_REDDIT_QUOTES:5 picks; MISSING_RATING:1 picks; MISSING_WEBSITE:8 picks"
"cali-salsa-clubs","Cali, Colombia","","restaurants/food",84,55,21,8,12,6,false,"MISSING_REDDIT_QUOTES:4 picks; MISSING_RATING:6 picks; MISSING_HOURS:7 picks; MISSING_WEBSITE:7 picks; MISSING_PRICE:5 picks"
"dahab-dive-sites","North Dahab","EG","activities",84,60,18,6,12,5,false,"MISSING_HOURS:8 picks; MISSING_WEBSITE:11 picks; MISSING_PHONE:10 picks; MISSING_PRICE:6 picks"
"jerusalem-falafel","Jerusalem","IL","shopping",84,60,18,6,9,5,false,"MISSING_WEBSITE:5 picks; MISSING_PRICE:9 picks; INCOMPLETE_SUMMARY"
"kampala-street-food","Kampala","Uganda","street-food",84,60,23,1,12,5,false,"MISSING_HOURS:3 picks; MISSING_WEBSITE:12 picks"
"kigali-coffee-shops","Kigali","RW","coffee shops",84,57,20,7,12,6,false,"MISSING_REDDIT_QUOTES:1 picks; MISSING_RATING:4 picks; MISSING_HOURS:6 picks; MISSING_WEBSITE:7 picks; NO_METHODOLOGY"
"santorini-sunset-viewpoints","Oia","GR","lodging",84,58,22,4,16,6,false,"MISSING_REDDIT_QUOTES:5 picks; MISSING_RATING:1 picks; MISSING_HOURS:9 picks; MISSING_WEBSITE:7 picks; MISSING_PRICE:8 picks"
"skagen-beaches","Skagen","DK","activities",84,60,21,3,10,5,false,"MISSING_HOURS:3 picks; MISSING_WEBSITE:6 picks; MISSING_PHONE:7 picks; MISSING_PRICE:6 picks"
"tel-aviv-cheap-eats","Tel Aviv","IL","restaurants/food",84,60,21,3,12,5,false,"MISSING_WEBSITE:5 picks; MISSING_PRICE:11 picks"
"hokkaido-onsen","Hokkaido","JP","lodging",85,59,19,7,12,6,false,"MISSING_RATING:3 picks; MISSING_HOURS:11 picks; MISSING_WEBSITE:3 picks; NO_METHODOLOGY"
"taghazout-surf-breaks","Taghazout","MA","activities",85,60,22,3,12,5,false,"MISSING_RATING:1 picks; MISSING_HOURS:4 picks; MISSING_WEBSITE:5 picks; MISSING_PRICE:8 picks"
"aarhus-new-nordic-restaurants","Denmark","DK","restaurants",86,53,30,3,12,5,false,"MISSING_REDDIT_QUOTES:10 picks"
"budapest-langos","District III","HU","shopping",86,60,22,4,10,6,false,"MISSING_HOURS:7 picks; MISSING_WEBSITE:7 picks; MISSING_PHONE:7 picks"
"bukchon-hanok-stays","Seoul","KR","lodging",86,59,20,7,7,6,false,"MISSING_RATING:1 picks; MISSING_HOURS:7 picks; MISSING_WEBSITE:4 picks; MISSING_PHONE:4 picks"
"cape-coast-beach-bars","Cape Coast","GH","lodging",86,57,23,6,10,5,false,"MISSING_REDDIT_QUOTES:4 picks; MISSING_RATING:1 picks; MISSING_HOURS:7 picks; MISSING_WEBSITE:7 picks"
"kobe-chinatown","Hyogo","JP","restaurants/food",86,54,27,5,9,0,true,"MISSING_REDDIT_QUOTES:1 picks; NO_FAQ; INCOMPLETE_SUMMARY"
"san-gil-adventure-sports","San Gil, Colombia","","activities",86,58,25,3,12,5,false,"MISSING_RATING:4 picks; MISSING_HOURS:6 picks; MISSING_WEBSITE:6 picks"
"seoul-buddhist-temple-stays","Gyeongsang","KR","lodging",86,60,22,4,4,6,false,"MISSING_HOURS:4 picks; MISSING_WEBSITE:2 picks"
"seoul-craft-coffee","Seoul","South Korea","craft-coffee",86,60,24,2,15,5,false,"MISSING_HOURS:15 picks"
"seville-tapas","Seville","ES","restaurants/food",86,55,29,2,15,0,true,"NO_FAQ"
"south-korea-street-food","Seoul","KR","restaurants/food",86,60,23,3,14,5,false,"MISSING_HOURS:5 picks; MISSING_WEBSITE:10 picks"
"chiang-rai-night-markets","Chiang Rai","TH","shopping",87,58,24,5,10,4,false,"MISSING_REDDIT_QUOTES:2 picks; MISSING_WEBSITE:8 picks; MISSING_PHONE:8 picks"
"okavango-luxury-lodges","Moremi Game Reserve","BW","activities",87,57,23,7,13,6,false,"MISSING_RATING:7 picks; MISSING_HOURS:13 picks; MISSING_PHONE:8 picks"
"salento-coffee-farms","Salento, Colombia","","coffee shops",87,60,21,6,5,4,false,"MISSING_PRICE:5 picks; INCOMPLETE_SUMMARY"
"split-beach-bars","Split","HR","activities",87,57,26,4,10,6,false,"MISSING_REDDIT_QUOTES:4 picks; MISSING_HOURS:5 picks; MISSING_WEBSITE:4 picks"
"zanzibar-spice-farm-tours","Zanzibar","TZ","restaurants/food",87,60,24,3,9,5,false,"MISSING_HOURS:3 picks; MISSING_WEBSITE:5 picks"
"bangkok-rooftop-pools","Bangkok","TH","lodging",88,57,27,4,16,6,false,"MISSING_REDDIT_QUOTES:6 picks; MISSING_HOURS:10 picks"
"hiroshima-okonomiyaki","Hiroshima","JP","lodging",88,58,22,8,12,6,false,"MISSING_REDDIT_QUOTES:2 picks; MISSING_RATING:3 picks; MISSING_HOURS:5 picks; MISSING_WEBSITE:3 picks; NO_METHODOLOGY"
"miyajima-day-trip","Hiroshima","JP","shopping",88,59,22,7,12,6,false,"MISSING_REDDIT_QUOTES:1 picks; MISSING_WEBSITE:3 picks; MISSING_PRICE:5 picks; NO_METHODOLOGY"
"nagoya-hitsumabushi","Nagoya","JP","restaurants/food",88,58,24,6,10,5,false,"MISSING_RATING:4 picks; MISSING_HOURS:4 picks; MISSING_WEBSITE:6 picks"
"port-louis-street-food","Port Louis","MU","restaurants/food",88,59,23,6,10,5,false,"MISSING_RATING:2 picks; MISSING_HOURS:3 picks; MISSING_WEBSITE:10 picks"
"seogwipo-sashimi","Jeju","KR","activities",88,59,26,3,12,5,false,"MISSING_RATING:3 picks; MISSING_HOURS:3 picks; MISSING_WEBSITE:4 picks"
"shilin-night-markets","Taipei","TW","shopping",88,58,27,3,10,5,false,"MISSING_REDDIT_QUOTES:2 picks; MISSING_WEBSITE:4 picks"
"telluride-things-to-do","Colorado","US","lodging",88,60,25,3,15,5,false,"MISSING_RATING:1 picks; MISSING_WEBSITE:4 picks; MISSING_PRICE:5 picks"
"yogyakarta-gudeg","Yogyakarta","ID","restaurants/food",88,59,26,3,12,5,false,"MISSING_REDDIT_QUOTES:1 picks; MISSING_WEBSITE:7 picks"
"bandung-mie-ayam","Bandung","ID","restaurants/food",89,60,26,3,12,5,false,"MISSING_WEBSITE:10 picks"
"bangkok-mango-sticky-rice","Bangkok","TH","shopping",89,60,27,2,15,4,false,"MISSING_WEBSITE:6 picks"
"bangkok-rooftop-bars","Bangkok","TH","activities",89,60,23,6,16,6,false,"MISSING_PRICE:16 picks; INCOMPLETE_SUMMARY"
"biff-square-ssiat-hotteok","Busan","KR","shopping",89,60,26,3,9,5,false,"MISSING_WEBSITE:6 picks"
"bogota-arepas","Bogotá","CO","restaurants/food",89,60,26,3,15,5,false,"MISSING_WEBSITE:8 picks"
"bruges-chocolate","Bruges","BE","shopping",89,52,30,7,10,5,false,"MISSING_REDDIT_QUOTES:10 picks"
"brussels-beer-bars","Brussels","BE","restaurants/food",89,56,26,7,10,5,false,"MISSING_RATING:9 picks; MISSING_PHONE:10 picks"
"busan-milmyeon","Busan","KR","restaurants/food",89,59,24,6,8,5,false,"MISSING_RATING:1 picks; MISSING_WEBSITE:6 picks"
"fez-tannery-viewpoints","Fez","MA","lodging",89,60,23,6,9,5,false,"MISSING_WEBSITE:3 picks; MISSING_PHONE:8 picks; MISSING_PRICE:2 picks"
"gili-islands-snorkeling","Gili Trawangan","ID","activities",89,60,22,7,12,6,false,"MISSING_HOURS:6 picks; MISSING_WEBSITE:7 picks; MISSING_PHONE:7 picks; MISSING_PRICE:3 picks"
"jeonju-hanok-village-bibimbap","Jeonju","KR","lodging",89,58,25,6,12,5,false,"MISSING_RATING:4 picks; MISSING_HOURS:3 picks; MISSING_WEBSITE:7 picks"
"lyon-bouchons","Lyon","FR","restaurants/food",89,58,25,6,12,5,false,"MISSING_RATING:4 picks; MISSING_HOURS:4 picks; MISSING_WEBSITE:4 picks"
"mnemba-atoll-snorkeling","Mnemba Atoll","TZ","activities",89,60,23,6,9,5,false,"MISSING_HOURS:4 picks; MISSING_WEBSITE:4 picks; MISSING_PRICE:4 picks"
"nara-mochi","Nara City","JP","shopping",89,58,25,6,9,5,false,"MISSING_RATING:3 picks; MISSING_HOURS:3 picks; MISSING_WEBSITE:4 picks"
"saigon-banh-xeo","HCMC","VN","restaurants/food",89,55,28,6,12,5,false,"MISSING_REDDIT_QUOTES:8 picks; MISSING_WEBSITE:4 picks"
"samcheong-dong-bookshop-cafes","Seoul","KR","restaurants/food",89,58,29,2,5,3,false,"LOW_FAQ:3"
"sinchon-chimaek","Seoul","KR","restaurants/food",89,60,26,3,7,5,false,"MISSING_HOURS:2 picks; MISSING_WEBSITE:4 picks"
"woodstock-cape-town-craft-beer","Cape Town","ZA","restaurants/food",89,60,26,3,10,5,false,"MISSING_PRICE:9 picks"
"yogyakarta-satay","Yogyakarta","ID","restaurants/food",89,60,26,3,13,5,false,"MISSING_WEBSITE:8 picks"
"amman-mansaf","Amman","JO","restaurants/food",90,59,28,3,10,5,false,"MISSING_REDDIT_QUOTES:1 picks; MISSING_RATING:1 picks; MISSING_WEBSITE:4 picks"
"amman-shawarma","Jordan","JO","shawarma",90,60,28,2,15,4,false,"MISSING_WEBSITE:7 picks"
"amsterdam-brunch","Amsterdam","NL","restaurants/food",90,60,26,4,12,6,false,"NO_METHODOLOGY"
"angkor-night-market-street-food","Siem Reap","KH","restaurants/food",90,60,27,3,11,5,false,"MISSING_WEBSITE:4 picks"
"banglamphu-pad-thai","Bangkok","TH","restaurants/food",90,60,27,3,11,5,false,"MISSING_WEBSITE:5 picks"
"best-restaurants-in-kigali","Rwanda","RW","restaurants",90,60,27,3,10,5,false,"MISSING_HOURS:7 picks"
"hongdae-vinyl-cafes","Seoul","KR","restaurants/food",90,59,25,6,12,5,false,"MISSING_RATING:2 picks; MISSING_HOURS:5 picks; MISSING_WEBSITE:6 picks"
"maun-budget-stays","Maun","BW","lodging",90,60,23,7,13,6,false,"MISSING_RATING:1 picks; MISSING_HOURS:12 picks; MISSING_WEBSITE:3 picks"
"merzouga-desert-camps","Erg Chebbi","MA","lodging",90,60,24,6,10,5,false,"MISSING_HOURS:5 picks; NO_METHODOLOGY"
"nikko-yuba","Tochigi","JP","restaurants/food",90,60,24,6,11,5,false,"MISSING_RATING:1 picks; MISSING_HOURS:4 picks; MISSING_WEBSITE:6 picks"
"nungwi-beach-bars","Nungwi","TZ","lodging",90,60,24,6,9,5,false,"MISSING_HOURS:2 picks; MISSING_WEBSITE:3 picks; MISSING_PRICE:6 picks"
"osaka-street-food","Osaka","JP","restaurants/food",90,59,26,5,14,4,false,"MISSING_RATING:2 picks; MISSING_HOURS:3 picks; MISSING_WEBSITE:3 picks"
"rovinj-seafood","Rovinj","HR","restaurants/food",90,55,27,8,10,6,false,"MISSING_REDDIT_QUOTES:6 picks; MISSING_HOURS:4 picks; MISSING_WEBSITE:3 picks"
"sindang-dong-tteokbokki","Seoul","KR","restaurants/food",90,60,27,3,10,5,false,"MISSING_WEBSITE:6 picks"
"singapore-late-night-food","Singapore","Singapore","food",90,60,28,2,12,5,false,""
"stone-town-street-food","Zanzibar","TZ","restaurants/food",90,60,27,3,12,5,false,"MISSING_WEBSITE:6 picks"
"tel-aviv-hummus","Tel Aviv","IL","shopping",90,59,28,3,15,5,false,"MISSING_REDDIT_QUOTES:2 picks; MISSING_HOURS:4 picks"
"tiong-bahru-kaya-toast","Singapore","SG","shopping",90,60,26,4,14,6,false,"MISSING_WEBSITE:6 picks; MISSING_PHONE:8 picks"
"uluwatu-surf-camps","Bali","ID","lodging",90,60,27,3,12,5,false,"MISSING_HOURS:8 picks"
"amsterdam-stroopwafel","Amsterdam","NL","shopping",91,59,29,3,10,5,false,"MISSING_REDDIT_QUOTES:1 picks"
"asakusa-street-food","Tokyo","JP","restaurants/food",91,60,27,4,18,6,false,"MISSING_RATING:1 picks; MISSING_HOURS:4 picks; MISSING_WEBSITE:4 picks"
"bali-cooking-classes","Ubud","ID","shopping",91,60,28,3,8,5,false,""
"bang-rak-som-tam","Bangkok","TH","restaurants/food",91,60,28,3,12,5,false,"MISSING_WEBSITE:4 picks"
"barcelona-brunch","Barcelona","ES","restaurants/food",91,60,27,4,16,6,false,""
"berlin-doner-kebab","Berlin","DE","shopping",91,60,28,3,12,5,false,"MISSING_RATING:1 picks; MISSING_WEBSITE:3 picks"
"best-cheap-eats-bangkok","Asoke","TH","restaurants/food",91,60,28,3,13,5,false,"MISSING_WEBSITE:4 picks"
"best-cheap-eats-in-bali","Seminyak","ID","restaurants/food",91,60,28,3,13,5,false,"MISSING_WEBSITE:6 picks"
"best-coffee-houses-in-vienna","Vienna","AT","coffee shops",91,59,29,3,11,5,false,"MISSING_REDDIT_QUOTES:1 picks"
"bukhansan-hiking-trail-cafes","Gyeonggi-do","KR","restaurants/food",91,59,26,6,9,5,false,"MISSING_RATING:1 picks; MISSING_WEBSITE:4 picks"
"chuncheon-dakgalbi","Gangwon-do","KR","restaurants/food",91,59,26,6,5,5,false,"MISSING_RATING:1 picks; MISSING_WEBSITE:2 picks"
"fukuoka-yatai","Fukuoka","JP","restaurants/food",91,59,26,6,10,5,false,"MISSING_RATING:3 picks; MISSING_HOURS:3 picks; MISSING_WEBSITE:5 picks"
"gyeongju-temple-food","Gyeongju","KR","restaurants/food",91,59,26,6,9,5,false,"MISSING_RATING:1 picks; MISSING_HOURS:2 picks; MISSING_WEBSITE:5 picks"
"jagalchi-market-seafood","Busan","KR","restaurants/food",91,60,25,6,15,5,false,"MISSING_WEBSITE:8 picks"
"mandalay-shan-noodles","Mandalay","MM","shopping",91,59,25,7,12,5,false,"MISSING_RATING:2 picks; MISSING_HOURS:6 picks; MISSING_WEBSITE:7 picks"
"okinawa-soba","Okinawa, Japan","","restaurants/food",91,55,30,6,12,0,true,"NO_FAQ"
"pai-coffee","Mae Hong Son","TH","coffee shops",91,58,27,6,12,5,false,"MISSING_REDDIT_QUOTES:3 picks; MISSING_WEBSITE:5 picks"
"seminyak-nasi-goreng","Bali","ID","restaurants/food",91,60,28,3,12,5,false,"MISSING_WEBSITE:5 picks"
"serengeti-safari-camps","Western Serengeti","TZ","activities",91,60,28,3,12,5,false,"MISSING_HOURS:6 picks"
"singapore-hawker-centers","Singapore","SG","lodging",91,60,27,4,20,6,false,"MISSING_WEBSITE:7 picks"
"stockholm-fika-cafes","Stockholm","SE","restaurants/food",91,60,27,4,12,6,false,"INCOMPLETE_SUMMARY"
"taipei-dim-sum","Taipei","TW","lodging",91,60,29,2,15,4,false,""
"tegallalang-rice-terrace-cafes","Bali","ID","restaurants/food",91,60,28,3,12,5,false,"MISSING_WEBSITE:4 picks"
"tulum-beach-clubs","Tulum Hotel Zone","MX","lodging",91,60,29,2,11,4,false,""
"victory-monument-boat-noodles","Bangkok","TH","restaurants/food",91,60,28,3,12,5,false,"MISSING_WEBSITE:4 picks"
"yeonnam-dong-coffee","Seoul","KR","coffee shops",91,60,28,3,12,5,false,"MISSING_RATING:1 picks"
"barranco-pisco-bars","Lima","PE","lodging",92,60,29,3,9,5,false,""
"boracay-sunset-bars","Boracay","PH","lodging",92,60,25,7,11,5,false,"MISSING_HOURS:3 picks; MISSING_WEBSITE:7 picks"
"cape-town-day-hikes","Cape Town","ZA","activities",92,60,25,7,16,6,false,"MISSING_HOURS:4 picks; MISSING_WEBSITE:5 picks"
"diani-beach-resorts","Kwale","KE","lodging",92,58,27,7,12,5,false,"MISSING_REDDIT_QUOTES:3 picks; MISSING_HOURS:3 picks; INCOMPLETE_SUMMARY"
"downtown-cairo-koshari","Downtown Cairo","EG","restaurants/food",92,60,25,7,10,5,false,"MISSING_HOURS:3 picks; MISSING_WEBSITE:6 picks"
"gukje-market-fish-cake","Busan","KR","shopping",92,59,26,7,9,5,false,"MISSING_RATING:1 picks; MISSING_HOURS:2 picks; MISSING_WEBSITE:4 picks"
"gyeongju-craft-beer","Gyeongju","KR","restaurants/food",92,59,27,6,9,5,false,"MISSING_RATING:1 picks; MISSING_HOURS:2 picks; MISSING_WEBSITE:2 picks"
"hoi-an-cao-lau","Quảng Nam","VN","shopping",92,60,26,6,12,5,false,"MISSING_WEBSITE:8 picks"
"hong-kong-claypot-rice","Hong Kong","HK","restaurants/food",92,60,27,5,15,4,false,"MISSING_WEBSITE:9 picks"
"itaewon-rooftop-bars","Seoul","KR","activities",92,60,26,6,12,5,false,"MISSING_RATING:1 picks; MISSING_WEBSITE:4 picks"
"khan-el-khalili-shisha","Cairo","EG","restaurants/food",92,57,28,7,10,5,false,"MISSING_REDDIT_QUOTES:4 picks; MISSING_WEBSITE:4 picks"
"luang-prabang-khao-piak-sen","Luang Prabang","LA","shopping",92,60,26,6,11,5,false,"MISSING_WEBSITE:5 picks"
"mexico-city-mezcalerias","Mexico City","Mexico","nightlife",92,60,27,5,12,5,false,"MISSING_WEBSITE:4 picks"
"nagoya-tebasaki","Nagoya","JP","restaurants/food",92,59,27,6,10,5,false,"MISSING_RATING:2 picks; MISSING_HOURS:3 picks"
"new-orleans-jazz-bars","New Orleans","US","restaurants/food",92,60,26,6,12,4,false,"MISSING_PRICE:5 picks"
"okavango-delta-mokoro-rides","Botswana","BW","activities",92,60,26,6,9,5,false,"MISSING_HOURS:5 picks"
"old-delhi-chai-stalls","Old Delhi","IN","restaurants/food",92,60,25,7,9,5,false,"MISSING_WEBSITE:8 picks"
"penang-night-noodles","Penang","MY","shopping",92,60,26,6,15,4,false,"MISSING_WEBSITE:8 picks"
"sapporo-ramen","Sapporo","JP","restaurants/food",92,60,29,3,13,5,false,""
"shibuya-ramen","Tokyo","JP","restaurants/food",92,60,28,4,18,6,false,"MISSING_WEBSITE:4 picks"
"shimokitazawa-coffee","Tokyo","JP","coffee shops",92,60,28,4,17,6,false,"MISSING_REDDIT_QUOTES:1 picks"
"soweto-township-food-tours","Soweto","ZA","restaurants/food",92,60,29,3,10,5,false,""
"taipei-beef-noodle-soup","Taipei","TW","shopping",92,60,29,3,11,5,false,"MISSING_WEBSITE:3 picks"
"ubud-warungs","Bali","ID","restaurants/food",92,60,28,4,17,6,false,"MISSING_WEBSITE:6 picks"
"vienna-heurigen","Vienna","AT","restaurants/food",92,60,29,3,10,5,false,""
"yaowarat-street-food","Bangkok","TH","restaurants/food",92,60,28,4,18,6,false,"MISSING_WEBSITE:6 picks"
"athens-tavernas","Athens","GR","restaurants/food",93,60,29,4,18,6,false,""
"best-cheap-eats-berlin","Neukölln","DE","restaurants/food",93,60,30,3,15,5,false,""
"best-pizza-naples","Naples","IT","restaurants/food",93,60,30,3,14,5,false,""
"buenos-aires-bookshop-cafes","Buenos Aires","AR","restaurants/food",93,58,27,8,16,6,false,"MISSING_REDDIT_QUOTES:4 picks; MISSING_RATING:1 picks"
"buenos-aires-empanadas","Buenos Aires","AR","restaurants/food",93,58,29,6,15,5,false,"MISSING_REDDIT_QUOTES:4 picks"
"cebu-city-lechon","Cebu City","PH","shopping",93,60,27,6,12,5,false,"MISSING_WEBSITE:5 picks"
"da-nang-grilled-fish","Da Nang","VN","activities",93,60,26,7,12,5,false,"MISSING_RATING:1 picks; MISSING_HOURS:4 picks; MISSING_WEBSITE:6 picks"
"delhi-street-food","Delhi","IN","restaurants/food",93,60,26,7,20,6,false,"MISSING_WEBSITE:11 picks"
"denmark-viking-medieval-sites","Roskilde","DK","restaurants/food",93,60,27,6,12,5,false,"MISSING_PRICE:4 picks"
"fez-rooftop-cafes","Fez","MA","restaurants/food",93,60,27,6,10,5,false,"MISSING_WEBSITE:6 picks"
"fez-tagine","Fez","MA","restaurants/food",93,60,27,6,15,5,false,"MISSING_WEBSITE:5 picks"
"hakone-ryokan","Hakone","JP","lodging",93,60,26,7,11,6,false,"MISSING_HOURS:8 picks"
"ho-chi-minh-rooftop-bars","Ho Chi Minh City","VN","lodging",93,59,27,7,15,5,false,"MISSING_REDDIT_QUOTES:1 picks; MISSING_WEBSITE:5 picks"
"hongdae-late-night-eats","Seoul","KR","restaurants/food",93,60,27,6,12,5,false,"MISSING_WEBSITE:5 picks"
"istanbul-rooftop-restaurants","Istanbul","TR","restaurants",93,60,27,6,15,5,false,""
"jeju-city-black-pork-bbq","Jeju","KR","restaurants/food",93,60,26,7,10,6,false,"MISSING_WEBSITE:8 picks"
"kilimanjaro-coffee-farm-tours","Kilimanjaro","TZ","coffee shops",93,60,27,6,12,5,false,"MISSING_HOURS:3 picks; MISSING_WEBSITE:3 picks"
"kingston-jerk-chicken","Kingston","JM","shopping",93,60,26,7,18,6,false,"MISSING_RATING:1 picks; MISSING_HOURS:4 picks; MISSING_WEBSITE:6 picks"
"kuala-lumpur-laksa","Kuala Lumpur","MY","restaurants/food",93,60,27,6,12,5,false,"MISSING_WEBSITE:5 picks"
"kyoto-tofu","Kyoto","JP","shopping",93,59,29,5,10,4,false,"MISSING_REDDIT_QUOTES:1 picks"
"lisbon-working-cafes","Lisbon","PT","restaurants/food",93,60,26,7,16,6,false,"MISSING_HOURS:5 picks"
"marrakech-cooking-classes","Marrakech","MA","lodging",93,60,27,6,12,5,false,"MISSING_HOURS:4 picks"
"marrakech-street-food","Marrakech","MA","restaurants/food",93,60,26,7,18,6,false,"MISSING_WEBSITE:9 picks"
"nairobi-nyama-choma","Nairobi","KE","restaurants/food",93,60,26,7,12,5,false,"MISSING_WEBSITE:6 picks"
"oaxaca-mole","Oaxaca","MX","shopping",93,60,28,5,15,4,false,""
"padang-rendang","Padang","ID","restaurants/food",93,60,27,6,12,5,false,"MISSING_WEBSITE:7 picks"
"rome-gelato","Rome","IT","shopping",93,60,25,8,18,6,false,"NO_METHODOLOGY"
"sapporo-soup-curry","Hokkaido","JP","shopping",93,60,30,3,14,5,false,""
"seoul-korean-bbq","Seoul","KR","shopping",93,60,29,4,18,6,false,""
"shinjuku-cheap-restaurants","Tokyo","JP","restaurants",93,60,29,4,20,6,false,"MISSING_RATING:2 picks"
"shinjuku-izakayas","Tokyo","JP","restaurants/food",93,60,29,4,17,6,false,"MISSING_RATING:1 picks"
"siem-reap-fish-amok","Siem Reap","KH","lodging",93,60,30,3,12,5,false,""
"stellenbosch-wine-tastings","Stellenbosch","ZA","restaurants/food",93,60,30,3,12,5,false,""
"takayama-hida-beef","Gifu","JP","restaurants/food",93,60,30,3,11,5,false,"MISSING_RATING:1 picks"
"tokyo-cheap-eats","Tokyo","JP","restaurants/food",93,60,30,3,15,5,false,""
"tokyo-vintage-shopping","Tokyo","JP","activities",93,60,29,4,16,6,false,""
"trastevere-cheap-restaurants","Rome","IT","restaurants",93,60,30,3,12,5,false,""
"trastevere-pasta","Rome","IT","restaurants/food",93,60,29,4,17,6,false,""
"tsim-sha-tsui-rooftop-bars","Hong Kong","HK","lodging",93,60,30,3,12,5,false,""
"uluwatu-cliff-bars","Uluwatu","ID","lodging",93,60,30,3,12,5,false,""
"vienna-schnitzel","Vienna","AT","restaurants/food",93,60,30,3,10,5,false,""
"wadi-rum-desert-camps","Wadi Rum","JO","restaurants/food",93,60,30,3,11,5,false,""
"best-cheap-eats-new-york","Manhattan","US","restaurants/food",94,60,30,4,16,6,false,""
"budapest-ruin-bars","Budapest","HU","restaurants/food",94,60,27,7,18,6,false,"MISSING_HOURS:4 picks"
"buenos-aires-cocktail-bars","Buenos Aires","AR","lodging",94,60,27,7,15,4,false,"MISSING_WEBSITE:5 picks"
"canggu-beach-clubs","Bali","ID","lodging",94,58,29,7,15,6,false,"MISSING_REDDIT_QUOTES:3 picks"
"cape-town-braai","Cape Town","ZA","activities",94,60,28,6,12,5,false,"MISSING_PRICE:3 picks"
"chiang-mai-khao-soi","Chiang Mai","TH","restaurants/food",94,60,28,6,15,5,false,"MISSING_WEBSITE:6 picks"
"chiang-mai-thai-massage","Chiang Mai","TH","lodging",94,60,28,6,15,5,false,"MISSING_RATING:1 picks"
"chinatown-singapore-chicken-rice","Singapore","SG","restaurants/food",94,60,27,7,12,5,false,"MISSING_WEBSITE:5 picks"
"copenhagen-street-food-markets","Copenhagen","DK","restaurants/food",94,60,28,6,12,5,false,""
"durban-bunny-chow","Durban","ZA","lodging",94,60,28,6,11,5,false,"MISSING_WEBSITE:5 picks"
"edinburgh-pubs","Edinburgh","GB","restaurants/food",94,60,28,6,14,5,false,"MISSING_RATING:1 picks"
"georgetown-roti-canai","George Town","MY","activities",94,60,27,7,12,5,false,"MISSING_RATING:1 picks; MISSING_WEBSITE:6 picks"
"hanoi-old-quarter-bun-cha","Hanoi","VN","restaurants/food",94,60,27,7,11,6,false,"MISSING_WEBSITE:7 picks"
"hanoi-pho","Hanoi","VN","restaurants/food",94,60,26,8,18,6,false,"MISSING_WEBSITE:11 picks"
"hoi-an-banh-mi","Quảng Nam","VN","restaurants/food",94,60,27,7,12,5,false,"MISSING_WEBSITE:7 picks"
"jaffa-shakshuka","Tel Aviv","IL","restaurants/food",94,60,27,7,12,5,false,"MISSING_HOURS:3 picks"
"jongno-kalguksu","Seoul","KR","shopping",94,60,28,6,9,5,false,"MISSING_WEBSITE:3 picks"
"kruger-safari-lodges","Greater Kruger","ZA","activities",94,60,28,6,12,5,false,"MISSING_HOURS:6 picks"
"kyoto-matcha-desserts","Kyoto Prefecture","JP","shopping",94,60,29,5,15,4,false,""
"kyoto-street-food","Kyoto","JP","restaurants/food",94,60,28,6,12,5,false,""
"liege-waffles","Liège","BE","shopping",94,60,27,7,8,6,false,"MISSING_WEBSITE:3 picks"
"luxor-nile-dinner-cruises","East Bank","EG","lodging",94,60,28,6,9,5,false,""
"madrid-churros","Madrid","ES","restaurants/food",94,59,29,6,15,5,false,"MISSING_REDDIT_QUOTES:2 picks"
"mapo-gu-korean-bbq","Seoul","KR","restaurants/food",94,60,28,6,10,5,false,"MISSING_WEBSITE:4 picks"
"moalboal-dive-shops","Cebu","PH","lodging",94,60,27,7,9,6,false,"MISSING_HOURS:3 picks"
"montego-bay-patties","Downtown Montego Bay","JM","restaurants/food",94,60,28,6,10,5,false,"MISSING_WEBSITE:5 picks"
"oaxaca-mezcal-bars","Oaxaca de Juárez","MX","shopping",94,60,28,6,15,5,false,""
"paris-croissants","Paris 10th","FR","restaurants/food",94,60,29,5,15,4,false,""
"prague-svickova","Prague","CZ","restaurants/food",94,58,30,6,9,3,false,"LOW_FAQ:3"
"soho-cheap-eats","London","GB","restaurants/food",94,60,30,4,18,6,false,""
"cairo-rooftop-cafes","Cairo","EG","restaurants/food",95,60,28,7,12,5,false,"MISSING_HOURS:3 picks"
"cairo-street-food","Downtown Cairo","EG","restaurants/food",95,60,28,7,18,6,false,"MISSING_WEBSITE:5 picks"
"chiang-mai-cooking-classes","Chiang Mai","TH","shopping",95,60,29,6,14,5,false,"MISSING_HOURS:3 picks"
"chobe-safari-camps","Chobe National Park","BW","activities",95,60,28,7,8,6,false,"MISSING_HOURS:3 picks"
"copenhagen-craft-breweries","Copenhagen","DK","shopping",95,60,29,6,12,5,false,"MISSING_HOURS:3 picks"
"copenhagen-hygge-cafes","Copenhagen","DK","restaurants/food",95,60,29,6,12,5,false,""
"da-lat-coffee-shops","Lâm Đồng","VN","coffee shops",95,60,28,7,12,5,false,"MISSING_RATING:1 picks; MISSING_WEBSITE:4 picks"
"essaouira-seafood","Bab Sbaa","MA","restaurants/food",95,60,28,7,10,6,false,"MISSING_WEBSITE:4 picks"
"gangnam-jjimjilbangs","Seoul","KR","lodging",95,60,29,6,10,5,false,""
"ghent-craft-beer","Ghent","BE","shopping",95,60,28,7,10,5,false,"MISSING_WEBSITE:3 picks"
"gwangjang-market-mandu","Seoul","KR","shopping",95,60,29,6,9,5,false,""
"haeundae-beach-cafes","Busan","KR","restaurants/food",95,60,29,6,10,5,false,""
"ho-chi-minh-city-pho","Ho Chi Minh City","VN","restaurants/food",95,60,28,7,14,5,false,"MISSING_WEBSITE:6 picks"
"jeonju-makgeolli-bars","Jeonju","KR","lodging",95,60,29,6,7,5,false,"MISSING_WEBSITE:2 picks"
"kyoto-coffee","Kyoto","JP","coffee shops",95,60,30,5,12,4,false,""
"kyoto-hidden-temples","Kyoto","JP","restaurants/food",95,60,30,5,11,4,false,""
"kyoto-kaiseki","Kyoto","JP","restaurants/food",95,60,30,5,12,4,false,""
"kyoto-ramen","Kyoto","JP","restaurants/food",95,59,30,6,12,4,false,"MISSING_REDDIT_QUOTES:1 picks"
"kyoto-sake-bars","Kyoto","JP","shopping",95,60,30,5,10,4,false,""
"le-marais-falafel","Paris","FR","restaurants/food",95,58,29,8,10,6,false,"MISSING_REDDIT_QUOTES:2 picks; MISSING_WEBSITE:3 picks"
"lisbon-rooftop-bars","Lisbon","PT","lodging",95,60,28,7,12,5,false,"MISSING_HOURS:3 picks"
"london-cheap-eats","London","GB","restaurants/food",95,60,29,6,13,5,false,"MISSING_RATING:1 picks"
"malacca-cendol","Malacca","MY","restaurants/food",95,60,28,7,10,5,false,"MISSING_WEBSITE:4 picks"
"manila-cheap-eats","Manila","PH","restaurants/food",95,60,28,7,20,6,false,"MISSING_WEBSITE:5 picks"
"marrakech-hammams","Marrakech","MA","lodging",95,59,29,7,16,6,false,"MISSING_REDDIT_QUOTES:3 picks"
"marrakech-riads","Marrakech","MA","lodging",95,60,28,7,12,6,false,"MISSING_HOURS:4 picks"
"mexico-city-al-pastor","Ciudad de México","MX","restaurants/food",95,60,29,6,15,4,false,""
"mexico-city-tacos","Mexico City","MX","restaurants/food",95,60,28,7,18,6,false,"MISSING_WEBSITE:6 picks"
"monastiraki-souvlaki","Athens","GR","restaurants/food",95,60,28,7,9,5,false,"MISSING_WEBSITE:3 picks"
"nairobi-rooftop-bars","Nairobi","KE","lodging",95,60,29,6,12,5,false,"MISSING_RATING:1 picks"
"namdaemun-street-toast","Seoul","KR","shopping",95,60,28,7,5,5,false,""
"nara-udon","Nara","JP","restaurants/food",95,60,29,6,10,5,false,""
"new-york-bagels","New York","US","lodging",95,60,30,5,15,4,false,""
"new-york-ramen","NY","US","restaurants/food",95,60,29,6,18,5,false,""
"osaka-kushikatsu","Osaka","JP","restaurants/food",95,60,29,6,10,5,false,""
"paris-bakeries","Paris","FR","restaurants/food",95,60,28,7,18,6,false,"MISSING_RATING:1 picks"
"paris-wine-bars","Paris","FR","restaurants/food",95,60,28,7,17,6,false,"MISSING_RATING:1 picks"
"penang-street-food","Penang","MY","restaurants/food",95,60,27,8,20,6,false,"MISSING_WEBSITE:7 picks"
"phnom-penh-rooftop-bars","Phnom Penh","KH","restaurants/food",95,60,29,6,7,5,false,""
"pj-nasi-lemak","Petaling Jaya","MY","lodging",95,60,27,8,12,6,false,"MISSING_WEBSITE:5 picks"
"poblacion-makati-sinigang","Makati","PH","restaurants/food",95,60,29,6,11,5,false,"MISSING_WEBSITE:3 picks"
"porto-wine-bars","Porto","PT","restaurants/food",95,60,29,6,11,4,false,""
"roma-condesa-coffee","Mexico City","MX","coffee shops",95,60,28,7,16,6,false,""
"amsterdam-cheap-eats","Amsterdam","NL","restaurants/food",96,60,30,6,18,6,false,""
"bogota-craft-coffee","Bogotá, Colombia","","coffee shops",96,60,30,6,12,5,false,""
"camps-bay-sunset-bars","Cape Town","ZA","lodging",96,60,30,6,10,5,false,""
"copenhagen-bakeries","Copenhagen","DK","restaurants/food",96,60,29,7,12,6,false,""
"copenhagen-budget-food","Copenhagen","DK","restaurants/food",96,60,29,7,18,6,false,""
"copenhagen-day-trips","Helsingør","DK","lodging",96,60,30,6,12,5,false,""
"copenhagen-smorrebrod","Copenhagen","DK","restaurants/food",96,60,30,6,12,5,false,""
"dongmyo-vintage-shopping","Seoul","KR","shopping",96,60,29,7,10,5,false,""
"dubrovnik-cheap-restaurants","Dubrovnik","HR","restaurants",96,60,28,8,10,6,false,""
"el-born-tapas","Barcelona","ES","shopping",96,60,28,8,17,6,false,""
"el-nido-island-hopping-tours","El Nido, Palawan","","activities",96,60,28,8,12,6,false,"MISSING_WEBSITE:3 picks"
"hanoi-egg-coffee","Hanoi","VN","coffee shops",96,60,29,7,12,5,false,"MISSING_WEBSITE:3 picks"
"hong-kong-dim-sum","Hong Kong","HK","restaurants/food",96,60,29,7,14,5,false,"MISSING_WEBSITE:3 picks"
"istanbul-kebabs","Istanbul","TR","restaurants/food",96,60,29,7,20,6,false,"MISSING_WEBSITE:6 picks"
"jordaan-brown-cafes","Amsterdam","NL","restaurants/food",96,60,30,6,12,5,false,""
"kanazawa-seafood-markets","Ishikawa","JP","restaurants/food",96,60,30,6,11,5,false,""
"khon-kaen-isaan-food","Khon Kaen","TH","restaurants/food",96,60,29,7,11,6,false,"MISSING_WEBSITE:3 picks"
"lisbon-sardine-restaurants","Lisbon","PT","restaurants",96,60,30,6,15,4,false,""
"london-brunch","London","GB","restaurants/food",96,60,30,6,11,5,false,""
"milan-aperitivo","Milan","IT","lodging",96,60,30,6,15,4,false,""
"munich-beer-halls","Munich","DE","restaurants/food",96,60,30,6,11,5,false,""
"myeongdong-cat-cafes","Seoul","KR","restaurants/food",96,60,29,7,9,6,false,"MISSING_WEBSITE:2 picks"
"negril-beach-bars","Negril","JM","lodging",96,60,30,6,12,5,false,""
"okinawa-beach-bars","Okinawa","JP","lodging",96,60,30,6,10,5,false,""
"osaka-cheap-eats","Osaka","JP","restaurants/food",96,60,30,6,12,5,false,""
"osaka-craft-beer","Osaka","JP","shopping",96,60,30,6,11,5,false,""
"paris-cheap-eats","Paris","FR","restaurants/food",96,60,30,6,13,5,false,""
"paris-jazz-clubs","Paris","FR","restaurants/food",96,60,28,8,16,6,false,"MISSING_HOURS:4 picks"
"prague-craft-beer","Prague 3-Vinohrady","CZ","shopping",96,60,30,6,15,4,false,""
"rawai-beach-seafood","Phuket","TH","restaurants/food",96,60,29,7,12,5,false,"MISSING_WEBSITE:3 picks"
"boston-clam-chowder","MA","US","restaurants/food",97,60,30,7,12,5,false,""
"cartagena-ceviche","Cartagena","CO","restaurants/food",97,60,29,8,18,6,false,""
"florence-trattorias","Florence","IT","shopping",97,60,30,7,12,5,false,""
"fukuoka-ramen","Fukuoka","JP","restaurants/food",97,60,30,7,12,5,false,"MISSING_RATING:1 picks"
"ho-chi-minh-banh-mi","Ho Chi Minh City","VN","restaurants/food",97,60,28,9,10,6,false,"MISSING_WEBSITE:3 picks"
"ipoh-dim-sum","Perak","MY","restaurants/food",97,60,29,8,10,5,false,""
"kanazawa-sushi","Ishikawa","JP","shopping",97,60,30,7,12,6,false,""
"kyoto-kimono-rentals","Kyoto","JP","lodging",97,60,30,7,10,6,false,""
"le-marais-cheap-restaurants","Paris","FR","restaurants",97,60,29,8,16,6,false,""
"lima-ceviche","Lima","PE","restaurants/food",97,60,29,8,18,6,false,"MISSING_WEBSITE:4 picks"
"lisbon-pastel-de-nata","Lisbon","PT","restaurants/food",97,60,29,8,18,6,false,""
"london-free-museums","London","GB","restaurants/food",97,60,30,7,16,6,false,""
"london-pubs","London","GB","restaurants/food",97,59,30,8,18,6,false,"MISSING_REDDIT_QUOTES:2 picks"
"mylapore-dosa","Mylapore, Chennai","","lodging",97,60,28,9,12,6,false,"MISSING_WEBSITE:4 picks"
"old-town-phuket-massaman-curry","Old Town Phuket","TH","shopping",97,60,29,8,12,5,false,""
"osaka-okonomiyaki","Osaka","JP","restaurants/food",97,60,30,7,12,5,false,""
"osaka-takoyaki","Osaka","JP","restaurants/food",97,60,30,7,11,5,false,""
"rome-cacio-e-pepe","Rome","IT","restaurants/food",97,60,30,7,15,4,false,""
"buenos-aires-steakhouses","Buenos Aires","AR","restaurants/food",98,60,29,9,18,6,false,"MISSING_WEBSITE:5 picks"
"east-coast-singapore-chili-crab","Singapore","SG","lodging",98,60,30,8,12,5,false,""
"miraflores-lomo-saltado","Lima","PE","restaurants/food",98,60,30,8,5,5,false,""
"new-york-pizza","New York","US","shopping",98,60,30,8,19,6,false,""
"prague-cheap-eats","Prague","CZ","restaurants/food",98,60,30,8,19,6,false,""
"rome-pizza","Rome","IT","shopping",98,60,30,8,15,5,false,""