Top pages,Clicks,Impressions,CTR,Position
https://tabiji.ai/compare/bishkek-vs-almaty/,9,499,1.8%,7.62
https://tabiji.ai/compare/tirana-vs-sofia/,9,201,4.48%,6.96
https://tabiji.ai/compare/south-korea-vs-taiwan/,8,577,1.39%,10.28
https://tabiji.ai/compare/st-lucia-vs-martinique/,8,387,2.07%,7.06
https://tabiji.ai/compare/tonga-vs-fiji/,7,265,2.64%,8
https://tabiji.ai/compare/cook-islands-vs-samoa/,6,497,1.21%,7.72
https://tabiji.ai/compare/shenzhen-vs-hong-kong/,6,423,1.42%,7.29
https://tabiji.ai/compare/essaouira-vs-taghazout/,6,277,2.17%,8.03
https://tabiji.ai/compare/sao-tome-vs-cape-verde/,6,98,6.12%,7.12
https://tabiji.ai/compare/lake-bled-vs-hallstatt/,6,97,6.19%,6.54
https://tabiji.ai/compare/bhutan-vs-ladakh/,5,235,2.13%,6.71
https://tabiji.ai/compare/faroe-islands-vs-lofoten/,5,187,2.67%,8.39
https://tabiji.ai/compare/iceland-vs-ireland/,4,819,0.49%,13.81
https://tabiji.ai/compare/osaka-vs-fukuoka/,4,584,0.68%,6.73
https://tabiji.ai/compare/samoa-vs-tonga/,4,464,0.86%,9.61
https://tabiji.ai/compare/bukhara-vs-khiva/,4,192,2.08%,8.19
https://tabiji.ai/compare/st-barts-vs-maldives/,4,116,3.45%,4.36
https://tabiji.ai/compare/luang-prabang-vs-siem-reap/,4,57,7.02%,8.07
https://tabiji.ai/compare/naoshima-vs-teshima/,4,46,8.7%,8.02
https://tabiji.ai/compare/paris-vs-amsterdam/,3,727,0.41%,9.91
https://tabiji.ai/compare/malta-vs-sicily/,3,550,0.55%,9.36
https://tabiji.ai/compare/cyprus-vs-crete/,3,491,0.61%,14.81
https://tabiji.ai/compare/norway-vs-iceland/,3,454,0.66%,20.11
https://tabiji.ai/compare/new-caledonia-vs-fiji/,3,438,0.68%,7.3
https://tabiji.ai/compare/dominica-vs-st-lucia/,3,368,0.82%,7.7
https://tabiji.ai/compare/vanuatu-vs-new-caledonia/,3,330,0.91%,9.87
https://tabiji.ai/compare/belize-vs-panama/,3,234,1.28%,8.24
https://tabiji.ai/compare/taipei-vs-hong-kong/,3,212,1.42%,7.48
https://tabiji.ai/compare/shanghai-vs-seoul/,3,210,1.43%,6.44
https://tabiji.ai/compare/montevideo-vs-santiago/,3,197,1.52%,7.55
https://tabiji.ai/compare/rome-vs-london/,3,188,1.6%,10.91
https://tabiji.ai/compare/japan-vs-sri-lanka/,3,162,1.85%,5.65
https://tabiji.ai/compare/bratislava-vs-ljubljana/,3,132,2.27%,7.31
https://tabiji.ai/compare/medellin-vs-lima/,3,121,2.48%,7.42
https://tabiji.ai/compare/halifax-vs-st-johns/,3,120,2.5%,6.95
https://tabiji.ai/compare/porto-vs-madrid/,3,107,2.8%,5.67
https://tabiji.ai/compare/gothenburg-vs-malmo/,3,85,3.53%,8.21
https://tabiji.ai/compare/yunnan-vs-sichuan/,3,81,3.7%,7.05
https://tabiji.ai/compare/ohrid-vs-kotor/,3,63,4.76%,6.62
https://tabiji.ai/compare/algarve-vs-costa-brava/,3,42,7.14%,9.6
https://tabiji.ai/compare/croatia-vs-montenegro/,2,2112,0.09%,10.44
https://tabiji.ai/compare/puerto-rico-vs-dominican-republic/,2,1035,0.19%,6.72
https://tabiji.ai/compare/costa-rica-vs-hawaii/,2,975,0.21%,13.09
https://tabiji.ai/compare/tokyo-vs-seoul/,2,650,0.31%,9.69
https://tabiji.ai/compare/addis-ababa-vs-nairobi/,2,423,0.47%,8.39
https://tabiji.ai/compare/morocco-vs-turkey/,2,405,0.49%,15.28
https://tabiji.ai/compare/cyprus-vs-malta/,2,378,0.53%,23.07
https://tabiji.ai/compare/tashkent-vs-samarkand/,2,337,0.59%,7.17
https://tabiji.ai/compare/mexico-city-vs-buenos-aires/,2,329,0.61%,8.42
https://tabiji.ai/compare/india-vs-nepal/,2,300,0.67%,12
https://tabiji.ai/compare/croatia-vs-turkey/,2,289,0.69%,10.52
https://tabiji.ai/compare/chile-vs-peru/,2,285,0.7%,7.98
https://tabiji.ai/compare/tbilisi-vs-yerevan/,2,255,0.78%,8.51
https://tabiji.ai/compare/sarajevo-vs-belgrade/,2,245,0.82%,7.65
https://tabiji.ai/compare/hawaii-vs-cook-islands/,2,229,0.87%,7.97
https://tabiji.ai/compare/guangzhou-vs-hong-kong/,2,212,0.94%,8.6
https://tabiji.ai/compare/xi-an-vs-beijing/,2,212,0.94%,9
https://tabiji.ai/compare/st-kitts-vs-antigua/,2,209,0.96%,11.45
https://tabiji.ai/compare/grenada-vs-barbados/,2,204,0.98%,8.69
https://tabiji.ai/compare/krabi-vs-koh-lanta/,2,198,1.01%,10.29
https://tabiji.ai/compare/malmo-vs-copenhagen/,2,196,1.02%,7.95
https://tabiji.ai/compare/mumbai-vs-bangalore/,2,153,1.31%,8.24
https://tabiji.ai/compare/solomon-islands-vs-vanuatu/,2,146,1.37%,6.01
https://tabiji.ai/compare/ecuador-vs-guatemala/,2,133,1.5%,7.53
https://tabiji.ai/compare/mombasa-vs-zanzibar/,2,124,1.61%,9.97
https://tabiji.ai/compare/amed-vs-nusa-penida/,2,113,1.77%,8.32
https://tabiji.ai/compare/tbilisi-vs-tirana/,2,110,1.82%,7.01
https://tabiji.ai/compare/jakarta-vs-singapore/,2,108,1.85%,6.94
https://tabiji.ai/compare/dublin-vs-london/,2,102,1.96%,11.4
https://tabiji.ai/compare/gangneung-vs-sokcho/,2,99,2.02%,7.14
https://tabiji.ai/compare/jeonju-vs-busan/,2,99,2.02%,10.34
https://tabiji.ai/compare/jiufen-vs-shifen/,2,86,2.33%,8.6
https://tabiji.ai/compare/naples-vs-palermo/,2,83,2.41%,8.17
https://tabiji.ai/compare/japan-vs-indonesia/,2,73,2.74%,9.77
https://tabiji.ai/compare/almaty-vs-tashkent/,2,66,3.03%,6.23
https://tabiji.ai/compare/shikoku-vs-kyushu/,2,54,3.7%,8.09
https://tabiji.ai/compare/tokyo-vs-nagano/,2,51,3.92%,7
https://tabiji.ai/compare/tokyo-vs-busan/,2,50,4%,5.62
https://tabiji.ai/compare/nepal-vs-oman/,2,35,5.71%,5.51
https://tabiji.ai/compare/cusco-vs-arequipa/,2,29,6.9%,7.93
https://tabiji.ai/compare/alishan-vs-taroko-gorge/,2,29,6.9%,9.69
https://tabiji.ai/compare/incheon-vs-busan/,2,26,7.69%,10.31
https://tabiji.ai/compare/iceland-vs-scotland/,2,25,8%,7.96
https://tabiji.ai/compare/manado-vs-bali/,2,17,11.76%,5
https://tabiji.ai/compare/st-barts-vs-turks-and-caicos/,1,829,0.12%,7.03
https://tabiji.ai/compare/vietnam-vs-philippines/,1,814,0.12%,16.83
https://tabiji.ai/compare/tokyo-vs-taipei/,1,675,0.15%,7.94
https://tabiji.ai/compare/bali-vs-hawaii/,1,646,0.15%,9.97
https://tabiji.ai/compare/maldives-vs-hawaii/,1,584,0.17%,8.23
https://tabiji.ai/compare/greece-vs-spain/,1,564,0.18%,13.72
https://tabiji.ai/compare/,1,556,0.18%,6.09
https://tabiji.ai/compare/portugal-vs-morocco/,1,480,0.21%,9.38
https://tabiji.ai/compare/chennai-vs-mumbai/,1,410,0.24%,9.07
https://tabiji.ai/compare/aruba-vs-curacao/,1,375,0.27%,15.86
https://tabiji.ai/compare/st-maarten-vs-st-barts/,1,345,0.29%,7.13
https://tabiji.ai/compare/darjeeling-vs-shimla/,1,330,0.3%,8.78
https://tabiji.ai/compare/mexico-city-vs-cancun/,1,306,0.33%,8.7
https://tabiji.ai/compare/samarkand-vs-bukhara/,1,287,0.35%,11.63
https://tabiji.ai/compare/vilnius-vs-kaunas/,1,284,0.35%,9.13
https://tabiji.ai/compare/north-macedonia-vs-albania/,1,283,0.35%,13.74
https://tabiji.ai/compare/cameron-highlands-vs-fraser-hill/,1,278,0.36%,8.2
https://tabiji.ai/compare/cook-islands-vs-bora-bora/,1,267,0.37%,7.83
https://tabiji.ai/compare/fiji-vs-samoa/,1,266,0.38%,8.65
https://tabiji.ai/compare/rovinj-vs-pula/,1,264,0.38%,8.98
https://tabiji.ai/compare/antwerp-vs-brussels/,1,254,0.39%,13.54
https://tabiji.ai/compare/mauritius-vs-seychelles/,1,252,0.4%,10.04
https://tabiji.ai/compare/koh-lanta-vs-koh-phangan/,1,241,0.41%,6.28
https://tabiji.ai/compare/chamonix-vs-zermatt/,1,231,0.43%,8.96
https://tabiji.ai/compare/kamakura-vs-nikko/,1,228,0.44%,11.36
https://tabiji.ai/compare/hakodate-vs-sapporo/,1,222,0.45%,6.87
https://tabiji.ai/compare/auckland-vs-christchurch/,1,218,0.46%,10.15
https://tabiji.ai/compare/jamaica-vs-st-lucia/,1,214,0.47%,10.43
https://tabiji.ai/compare/bali-vs-vietnam/,1,209,0.48%,7.82
https://tabiji.ai/compare/senegal-vs-ghana/,1,206,0.49%,8.74
https://tabiji.ai/compare/turks-and-caicos-vs-bahamas/,1,206,0.49%,11.51
https://tabiji.ai/compare/japan-vs-china/,1,204,0.49%,8.07
https://tabiji.ai/compare/shanghai-vs-singapore/,1,197,0.51%,9.63
https://tabiji.ai/compare/london-vs-paris/,1,192,0.52%,8.91
https://tabiji.ai/compare/edinburgh-vs-dublin/,1,192,0.52%,10.21
https://tabiji.ai/compare/sri-lanka-vs-thailand/,1,190,0.53%,13.03
https://tabiji.ai/compare/cuba-vs-puerto-rico/,1,187,0.53%,9.11
https://tabiji.ai/compare/galle-vs-mirissa/,1,185,0.54%,7.18
https://tabiji.ai/compare/new-york-vs-tokyo/,1,163,0.61%,9.97
https://tabiji.ai/compare/okinawa-vs-jeju/,1,160,0.62%,7.33
https://tabiji.ai/compare/montserrat-vs-st-kitts/,1,158,0.63%,4.68
https://tabiji.ai/compare/goa-vs-kerala/,1,155,0.65%,12.85
https://tabiji.ai/compare/penang-vs-ipoh/,1,150,0.67%,6.67
https://tabiji.ai/compare/bermuda-vs-jamaica/,1,150,0.67%,7.21
https://tabiji.ai/compare/nagoya-vs-osaka/,1,144,0.69%,7.92
https://tabiji.ai/compare/plovdiv-vs-sofia/,1,141,0.71%,8.18
https://tabiji.ai/compare/bali-vs-koh-samui/,1,139,0.72%,8.68
https://tabiji.ai/compare/jamaica-vs-trinidad-and-tobago/,1,138,0.72%,8.28
https://tabiji.ai/compare/mexico-city-vs-guadalajara/,1,138,0.72%,13.42
https://tabiji.ai/compare/bangalore-vs-hyderabad/,1,136,0.74%,10.21
https://tabiji.ai/compare/siargao-vs-la-union/,1,135,0.74%,7.09
https://tabiji.ai/compare/suriname-vs-guyana/,1,127,0.79%,10.6
https://tabiji.ai/compare/guatemala-vs-mexico/,1,122,0.82%,9.03
https://tabiji.ai/compare/portugal-vs-turkey/,1,121,0.83%,6.4
https://tabiji.ai/compare/patagonia-vs-new-zealand/,1,118,0.85%,7.36
https://tabiji.ai/compare/byron-bay-vs-gold-coast/,1,118,0.85%,7.89
https://tabiji.ai/compare/seminyak-vs-uluwatu/,1,117,0.85%,8.55
https://tabiji.ai/compare/california-vs-hawaii/,1,115,0.87%,7.62
https://tabiji.ai/compare/ulaanbaatar-vs-almaty/,1,115,0.87%,7.83
https://tabiji.ai/compare/da-lat-vs-da-nang/,1,111,0.9%,7.08
https://tabiji.ai/compare/tokyo-vs-fukuoka/,1,111,0.9%,8.21
https://tabiji.ai/compare/auckland-vs-melbourne/,1,111,0.9%,11.5
https://tabiji.ai/compare/thailand-vs-indonesia/,1,111,0.9%,29.49
https://tabiji.ai/compare/nairobi-vs-kampala/,1,105,0.95%,10.43
https://tabiji.ai/compare/norway-vs-finland/,1,105,0.95%,10.49
https://tabiji.ai/compare/japan-vs-philippines/,1,101,0.99%,7.68
https://tabiji.ai/compare/albania-vs-latvia/,1,101,0.99%,9.98
https://tabiji.ai/compare/bergen-vs-stavanger/,1,100,1%,8.9
https://tabiji.ai/compare/accra-vs-dakar/,1,99,1.01%,6.35
https://tabiji.ai/compare/malta-vs-netherlands/,1,97,1.03%,8.16
https://tabiji.ai/compare/oman-vs-jordan/,1,97,1.03%,9.16
https://tabiji.ai/compare/auckland-vs-wellington/,1,97,1.03%,24.91
https://tabiji.ai/compare/la-paz-vs-sucre/,1,96,1.04%,12.39
https://tabiji.ai/compare/bali-vs-siargao/,1,93,1.08%,5.4
https://tabiji.ai/compare/kota-kinabalu-vs-kuching/,1,93,1.08%,7.48
https://tabiji.ai/compare/wroclaw-vs-krakow/,1,90,1.11%,6.93
https://tabiji.ai/compare/mallorca-vs-corfu/,1,90,1.11%,7.62
https://tabiji.ai/compare/denmark-vs-sweden/,1,87,1.15%,11.57
https://tabiji.ai/compare/spain-vs-switzerland/,1,84,1.19%,7.01
https://tabiji.ai/compare/croatia-vs-france/,1,84,1.19%,7.23
https://tabiji.ai/compare/honduras-vs-jamaica/,1,84,1.19%,8.25
https://tabiji.ai/compare/finland-vs-malta/,1,84,1.19%,10.94
https://tabiji.ai/compare/corsica-vs-sicily/,1,82,1.22%,7.84
https://tabiji.ai/compare/jakarta-vs-bali/,1,82,1.22%,10.89
https://tabiji.ai/compare/oman-vs-morocco/,1,80,1.25%,6.33
https://tabiji.ai/compare/kigali-vs-nairobi/,1,79,1.27%,7.66
https://tabiji.ai/compare/boracay-vs-siargao/,1,77,1.3%,7.66
https://tabiji.ai/compare/argentina-vs-puerto-rico/,1,75,1.33%,10.32
https://tabiji.ai/compare/lahore-vs-karachi/,1,73,1.37%,8.01
https://tabiji.ai/compare/peru-vs-mexico/,1,72,1.39%,9.07
https://tabiji.ai/compare/hokkaido-vs-okinawa/,1,69,1.45%,8.59
https://tabiji.ai/compare/mykonos-vs-ios/,1,66,1.52%,7.23
https://tabiji.ai/compare/japan-vs-italy/,1,66,1.52%,8.03
https://tabiji.ai/compare/gyeongju-vs-andong/,1,66,1.52%,8.82
https://tabiji.ai/compare/cape-verde-vs-senegal/,1,65,1.54%,9.15
https://tabiji.ai/compare/gold-coast-vs-sunshine-coast/,1,62,1.61%,14.5
https://tabiji.ai/compare/yakushima-vs-aso/,1,61,1.64%,7.72
https://tabiji.ai/compare/marrakech-vs-chefchaouen/,1,61,1.64%,10.92
https://tabiji.ai/compare/tokyo-vs-sapporo/,1,60,1.67%,6.97
https://tabiji.ai/compare/chiang-mai-vs-luang-prabang/,1,58,1.72%,6.74
https://tabiji.ai/compare/finland-vs-switzerland/,1,58,1.72%,7.48
https://tabiji.ai/compare/germany-vs-poland/,1,58,1.72%,7.79
https://tabiji.ai/compare/torres-del-paine-vs-fitz-roy/,1,56,1.79%,8.09
https://tabiji.ai/compare/ho-chi-minh-vs-singapore/,1,54,1.85%,7.8
https://tabiji.ai/compare/hokkaido-vs-kyushu/,1,53,1.89%,7.09
https://tabiji.ai/compare/koh-rong-vs-koh-lanta/,1,53,1.89%,9.17
https://tabiji.ai/compare/san-francisco-vs-new-york/,1,53,1.89%,21.58
https://tabiji.ai/compare/zagreb-vs-dubrovnik/,1,52,1.92%,11.81
https://tabiji.ai/compare/puglia-vs-calabria/,1,51,1.96%,11.08
https://tabiji.ai/compare/laos-vs-myanmar/,1,51,1.96%,12.27
https://tabiji.ai/compare/morocco-vs-jordan/,1,50,2%,6.26
https://tabiji.ai/compare/dolomites-vs-patagonia/,1,50,2%,6.28
https://tabiji.ai/compare/phnom-penh-vs-vientiane/,1,49,2.04%,8.47
https://tabiji.ai/compare/cape-town-vs-rio-de-janeiro/,1,49,2.04%,9.2
https://tabiji.ai/compare/patagonia-vs-alaska/,1,48,2.08%,5.62
https://tabiji.ai/compare/bologna-vs-parma/,1,48,2.08%,7.56
https://tabiji.ai/compare/koh-phi-phi-vs-koh-tao/,1,46,2.17%,5.78
https://tabiji.ai/compare/new-zealand-vs-sri-lanka/,1,44,2.27%,10.98
https://tabiji.ai/compare/coromandel-vs-bay-of-islands/,1,43,2.33%,9.67
https://tabiji.ai/compare/seoul-vs-bangkok/,1,42,2.38%,8.95
https://tabiji.ai/compare/sendai-vs-tokyo/,1,41,2.44%,7.76
https://tabiji.ai/compare/slovakia-vs-czech-republic/,1,38,2.63%,3.79
https://tabiji.ai/compare/dubai-vs-riyadh/,1,38,2.63%,12.21
https://tabiji.ai/compare/uae-vs-uzbekistan/,1,37,2.7%,8.73
https://tabiji.ai/compare/warsaw-vs-prague/,1,37,2.7%,11.73
https://tabiji.ai/compare/scottish-highlands-vs-lake-district/,1,36,2.78%,7.14
https://tabiji.ai/compare/antigua-guatemala-vs-oaxaca/,1,35,2.86%,9.06
https://tabiji.ai/compare/india-vs-south-africa/,1,34,2.94%,6.94
https://tabiji.ai/compare/adriatic-vs-aegean/,1,34,2.94%,8.09
https://tabiji.ai/compare/ethiopia-vs-madagascar/,1,33,3.03%,7.06
https://tabiji.ai/compare/australia-vs-india/,1,33,3.03%,7.79
https://tabiji.ai/compare/penang-vs-chiang-mai/,1,32,3.12%,5.34
https://tabiji.ai/compare/shirakawa-go-vs-takayama/,1,32,3.12%,9.25
https://tabiji.ai/compare/panama-city-vs-san-jose/,1,31,3.23%,7.74
https://tabiji.ai/compare/israel-vs-italy/,1,30,3.33%,6.73
https://tabiji.ai/compare/pushkar-vs-jodhpur/,1,29,3.45%,7.21
https://tabiji.ai/compare/battambang-vs-kampot/,1,29,3.45%,9.52
https://tabiji.ai/compare/zakynthos-vs-santorini/,1,28,3.57%,7.18
https://tabiji.ai/compare/switzerland-vs-usa/,1,27,3.7%,8.89
https://tabiji.ai/compare/canada-vs-sweden/,1,27,3.7%,9.81
https://tabiji.ai/compare/patagonia-vs-swiss-alps/,1,25,4%,5.88
https://tabiji.ai/compare/egypt-vs-greece/,1,25,4%,6.96
https://tabiji.ai/compare/lijiang-vs-kunming/,1,24,4.17%,8.38
https://tabiji.ai/compare/kansai-vs-kanto/,1,24,4.17%,10.46
https://tabiji.ai/compare/bandung-vs-bali/,1,23,4.35%,6.04
https://tabiji.ai/compare/osaka-vs-taipei/,1,23,4.35%,6.61
https://tabiji.ai/compare/hanoi-vs-sapa/,1,23,4.35%,9.35
https://tabiji.ai/compare/amboseli-vs-serengeti/,1,22,4.55%,4.82
https://tabiji.ai/compare/amazon-vs-pantanal/,1,22,4.55%,7.45
https://tabiji.ai/compare/mendoza-vs-salta/,1,21,4.76%,7.9
https://tabiji.ai/compare/alsace-vs-burgundy/,1,21,4.76%,9.14
https://tabiji.ai/compare/fjords-vs-lofoten/,1,20,5%,7.35
https://tabiji.ai/compare/ecuador-vs-mexico/,1,20,5%,11.9
https://tabiji.ai/compare/vis-vs-brac/,1,18,5.56%,6.5
https://tabiji.ai/compare/botswana-vs-senegal/,1,17,5.88%,12.35
https://tabiji.ai/compare/valparaiso-vs-santiago/,1,16,6.25%,8.56
https://tabiji.ai/compare/morocco-vs-usa/,1,15,6.67%,5.8
https://tabiji.ai/compare/dakar-vs-abidjan/,1,15,6.67%,7.8
https://tabiji.ai/compare/stellenbosch-vs-napa/,1,14,7.14%,4.71
https://tabiji.ai/compare/lima-vs-mexico-city/,1,14,7.14%,8.29
https://tabiji.ai/compare/cairo-vs-marrakech/,1,14,7.14%,9.07
https://tabiji.ai/compare/pantanal-vs-borneo/,1,14,7.14%,11.57
https://tabiji.ai/compare/sarajevo-vs-kotor/,1,13,7.69%,4.92
https://tabiji.ai/compare/yosemite-vs-yellowstone/,1,13,7.69%,16.08
https://tabiji.ai/compare/galapagos-vs-amazon-ecuador/,1,10,10%,6.5
https://tabiji.ai/compare/whistler-vs-revelstoke/,1,10,10%,7.3
https://tabiji.ai/compare/kathmandu-vs-paro/,1,8,12.5%,3
https://tabiji.ai/compare/england-vs-new-zealand/,1,8,12.5%,8
https://tabiji.ai/compare/rwanda-vs-uganda/,1,8,12.5%,22.5
https://tabiji.ai/compare/bordeaux-vs-burgundy/,1,8,12.5%,25.62
https://tabiji.ai/compare/france-vs-guatemala/,1,7,14.29%,8.86
https://tabiji.ai/compare/tokyo-vs-jeju/,1,6,16.67%,3.83
https://tabiji.ai/compare/tuscany-vs-santorini/,1,6,16.67%,6.5
https://tabiji.ai/compare/komodo-vs-galapagos/,1,6,16.67%,12.5
https://tabiji.ai/compare/kyoto-vs-nara/,0,743,0%,5.81
https://tabiji.ai/compare/tokyo-vs-hong-kong/,0,662,0%,10.77
https://tabiji.ai/compare/tokyo-vs-singapore/,0,660,0%,9.74
https://tabiji.ai/compare/greece-vs-croatia/,0,515,0%,13.7
https://tabiji.ai/compare/jamaica-vs-bahamas/,0,504,0%,11.17
https://tabiji.ai/compare/bali-vs-fiji/,0,456,0%,10.08
https://tabiji.ai/compare/hong-kong-vs-japan/,0,416,0%,11.57
https://tabiji.ai/compare/buenos-aires-vs-santiago/,0,403,0%,8.99
https://tabiji.ai/compare/faroe-islands-vs-iceland/,0,402,0%,10.89
https://tabiji.ai/compare/tokyo-vs-osaka/,0,376,0%,25.31
https://tabiji.ai/compare/spain-vs-italy/,0,373,0%,8.05
https://tabiji.ai/compare/cayman-islands-vs-bahamas/,0,361,0%,10.95
https://tabiji.ai/compare/tokyo-vs-shanghai/,0,358,0%,8.28
https://tabiji.ai/compare/berlin-vs-munich/,0,356,0%,21.62
https://tabiji.ai/compare/bermuda-vs-bahamas/,0,349,0%,18.63
https://tabiji.ai/compare/cook-islands-vs-fiji/,0,339,0%,9.46
https://tabiji.ai/compare/hawaii-vs-puerto-rico/,0,328,0%,8.32
https://tabiji.ai/compare/cambodia-vs-laos/,0,326,0%,14.06
https://tabiji.ai/compare/greece-vs-italy/,0,322,0%,20.18
https://tabiji.ai/compare/seoul-vs-tokyo/,0,321,0%,9.13
https://tabiji.ai/compare/seychelles-vs-maldives/,0,314,0%,35.77
https://tabiji.ai/compare/costa-rica-vs-colombia/,0,313,0%,10.45
https://tabiji.ai/compare/zanzibar-vs-mauritius/,0,300,0%,13.58
https://tabiji.ai/compare/naxos-vs-paros/,0,297,0%,14.2
https://tabiji.ai/compare/st-barts-vs-st-lucia/,0,287,0%,6.74
https://tabiji.ai/compare/florida-keys-vs-bahamas/,0,283,0%,6.87
https://tabiji.ai/compare/ooty-vs-munnar/,0,276,0%,9.83
https://tabiji.ai/compare/trinidad-vs-tobago/,0,274,0%,8.31
https://tabiji.ai/compare/tibet-vs-nepal/,0,272,0%,16.69
https://tabiji.ai/compare/japan-vs-singapore/,0,268,0%,13.48
https://tabiji.ai/compare/mysore-vs-bangalore/,0,264,0%,10.24
https://tabiji.ai/compare/iceland-vs-new-zealand/,0,262,0%,9.31
https://tabiji.ai/compare/slovenia-vs-austria/,0,261,0%,7.85
https://tabiji.ai/compare/bora-bora-vs-seychelles/,0,260,0%,16.37
https://tabiji.ai/compare/shanghai-vs-hong-kong/,0,254,0%,9.21
https://tabiji.ai/compare/las-vegas-vs-miami/,0,249,0%,8.76
https://tabiji.ai/compare/morocco-vs-egypt/,0,248,0%,14.62
https://tabiji.ai/compare/varkala-vs-goa/,0,243,0%,8.41
https://tabiji.ai/compare/fiji-vs-maldives/,0,241,0%,10.12
https://tabiji.ai/compare/hong-kong-vs-singapore/,0,238,0%,20.64
https://tabiji.ai/compare/tallinn-vs-riga/,0,235,0%,12.66
https://tabiji.ai/compare/mexico-city-vs-oaxaca/,0,228,0%,9.31
https://tabiji.ai/compare/bonaire-vs-curacao/,0,226,0%,26.65
https://tabiji.ai/compare/naples-vs-sicily/,0,221,0%,7.55
https://tabiji.ai/compare/queenstown-vs-wanaka/,0,216,0%,13.77
https://tabiji.ai/compare/koh-samui-vs-koh-phangan/,0,213,0%,18.85
https://tabiji.ai/compare/ladakh-vs-nepal/,0,204,0%,9.41
https://tabiji.ai/compare/peru-vs-bolivia/,0,203,0%,9
https://tabiji.ai/compare/cayman-islands-vs-turks-and-caicos/,0,203,0%,10.99
https://tabiji.ai/compare/italy-vs-portugal/,0,200,0%,8.82
https://tabiji.ai/compare/tbilisi-vs-baku/,0,199,0%,8.94
https://tabiji.ai/compare/barbados-vs-st-lucia/,0,197,0%,11.73
https://tabiji.ai/compare/reunion-vs-mauritius/,0,196,0%,14.26
https://tabiji.ai/compare/zanzibar-vs-maldives/,0,194,0%,9.01
https://tabiji.ai/compare/pondicherry-vs-goa/,0,193,0%,9.44
https://tabiji.ai/compare/incheon-vs-seoul/,0,190,0%,8.64
https://tabiji.ai/compare/helsinki-vs-tallinn/,0,186,0%,10.92
https://tabiji.ai/compare/galway-vs-cork/,0,184,0%,11.99
https://tabiji.ai/compare/maldives-vs-caribbean/,0,183,0%,8.81
https://tabiji.ai/compare/peru-vs-ecuador/,0,182,0%,11.34
https://tabiji.ai/compare/tangier-vs-casablanca/,0,181,0%,9.46
https://tabiji.ai/compare/miami-vs-san-juan/,0,180,0%,7.24
https://tabiji.ai/compare/paris-vs-barcelona/,0,180,0%,10.43
https://tabiji.ai/compare/dubai-vs-qatar/,0,180,0%,17.48
https://tabiji.ai/compare/kuwait-city-vs-dubai/,0,179,0%,9.2
https://tabiji.ai/compare/anguilla-vs-st-barts/,0,178,0%,10.02
https://tabiji.ai/compare/beijing-vs-hong-kong/,0,170,0%,10.61
https://tabiji.ai/compare/france-vs-germany/,0,168,0%,10.03
https://tabiji.ai/compare/pai-vs-chiang-mai/,0,167,0%,8.19
https://tabiji.ai/compare/kyoto-vs-osaka/,0,167,0%,45.43
https://tabiji.ai/compare/kaohsiung-vs-tainan/,0,164,0%,8.14
https://tabiji.ai/compare/rio-de-janeiro-vs-sao-paulo/,0,163,0%,9.64
https://tabiji.ai/compare/busan-vs-jeju/,0,161,0%,7.15
https://tabiji.ai/compare/honduras-vs-guatemala/,0,161,0%,7.34
https://tabiji.ai/compare/mallorca-vs-ibiza/,0,161,0%,9.39
https://tabiji.ai/compare/belize-vs-costa-rica/,0,158,0%,23.98
https://tabiji.ai/compare/london-vs-amsterdam/,0,156,0%,11.17
https://tabiji.ai/compare/cancun-vs-punta-cana/,0,155,0%,8.69
https://tabiji.ai/compare/portugal-vs-croatia/,0,154,0%,8.45
https://tabiji.ai/compare/japan-vs-vietnam/,0,153,0%,8.29
https://tabiji.ai/compare/bali-vs-phuket/,0,153,0%,8.7
https://tabiji.ai/compare/fiji-vs-tahiti/,0,153,0%,12.9
https://tabiji.ai/compare/davao-vs-cebu/,0,152,0%,8.21
https://tabiji.ai/compare/langkawi-vs-penang/,0,152,0%,12.57
https://tabiji.ai/compare/taiwan-vs-vietnam/,0,151,0%,9.74
https://tabiji.ai/compare/rhodes-vs-corfu/,0,150,0%,8.3
https://tabiji.ai/compare/anguilla-vs-antigua/,0,150,0%,10.12
https://tabiji.ai/compare/nha-trang-vs-phu-quoc/,0,149,0%,10.71
https://tabiji.ai/compare/bangkok-vs-ho-chi-minh/,0,149,0%,11.15
https://tabiji.ai/compare/nepal-vs-bhutan/,0,149,0%,25.68
https://tabiji.ai/compare/gyeongju-vs-jeonju/,0,148,0%,8.53
https://tabiji.ai/compare/albuquerque-vs-santa-fe/,0,148,0%,10.72
https://tabiji.ai/compare/bangkok-vs-singapore/,0,148,0%,12.38
https://tabiji.ai/compare/zurich-vs-geneva/,0,147,0%,6.45
https://tabiji.ai/compare/palawan-vs-cebu/,0,147,0%,13.2
https://tabiji.ai/compare/brussels-vs-amsterdam/,0,145,0%,12.15
https://tabiji.ai/compare/brussels-vs-paris/,0,144,0%,7.52
https://tabiji.ai/compare/kobe-vs-osaka/,0,144,0%,9.92
https://tabiji.ai/compare/thailand-vs-cambodia/,0,143,0%,8.73
https://tabiji.ai/compare/dolomites-vs-swiss-alps/,0,142,0%,8.91
https://tabiji.ai/compare/barbados-vs-trinidad/,0,141,0%,10.26
https://tabiji.ai/compare/palau-vs-micronesia/,0,139,0%,16.18
https://tabiji.ai/compare/cuba-vs-mexico/,0,138,0%,9.96
https://tabiji.ai/compare/milan-vs-madrid/,0,137,0%,7.91
https://tabiji.ai/compare/bahrain-vs-dubai/,0,135,0%,7.83
https://tabiji.ai/compare/sicily-vs-sardinia/,0,135,0%,8.97
https://tabiji.ai/compare/kansas-city-vs-st-louis/,0,135,0%,13.14
https://tabiji.ai/compare/sri-lanka-vs-bali/,0,135,0%,14.39
https://tabiji.ai/compare/dubai-vs-maldives/,0,134,0%,11.39
https://tabiji.ai/compare/antigua-vs-barbados/,0,133,0%,25.95
https://tabiji.ai/compare/jamaica-vs-barbados/,0,132,0%,23.83
https://tabiji.ai/compare/maldives-vs-phuket/,0,130,0%,7.44
https://tabiji.ai/compare/vietnam-vs-cambodia/,0,130,0%,23.72
https://tabiji.ai/compare/switzerland-vs-austria/,0,128,0%,9.33
https://tabiji.ai/compare/frankfurt-vs-munich/,0,128,0%,9.48
https://tabiji.ai/compare/tofino-vs-ucluelet/,0,128,0%,12.47
https://tabiji.ai/compare/thailand-vs-maldives/,0,128,0%,16.66
https://tabiji.ai/compare/aruba-vs-barbados/,0,127,0%,6.69
https://tabiji.ai/compare/taichung-vs-tainan/,0,124,0%,7.44
https://tabiji.ai/compare/florence-vs-naples/,0,124,0%,9.65
https://tabiji.ai/compare/japan-vs-nepal/,0,123,0%,7.04
https://tabiji.ai/compare/hangzhou-vs-shanghai/,0,120,0%,7.95
https://tabiji.ai/compare/florianopolis-vs-rio-de-janeiro/,0,119,0%,7.62
https://tabiji.ai/compare/macau-vs-hong-kong/,0,119,0%,8.76
https://tabiji.ai/compare/slovenia-vs-croatia/,0,118,0%,8.68
https://tabiji.ai/compare/latvia-vs-lithuania/,0,118,0%,8.84
https://tabiji.ai/compare/rarotonga-vs-aitutaki/,0,118,0%,9.92
https://tabiji.ai/compare/kathmandu-vs-pokhara/,0,117,0%,8.36
https://tabiji.ai/compare/cancun-vs-tulum/,0,116,0%,7.62
https://tabiji.ai/compare/moorea-vs-bora-bora/,0,116,0%,12.91
https://tabiji.ai/compare/djerba-vs-hammamet/,0,114,0%,6.84
https://tabiji.ai/compare/poznan-vs-warsaw/,0,113,0%,5.84
https://tabiji.ai/compare/recife-vs-fortaleza/,0,113,0%,5.99
https://tabiji.ai/compare/oslo-vs-copenhagen/,0,113,0%,7.99
https://tabiji.ai/compare/lakshadweep-vs-maldives/,0,113,0%,13.47
https://tabiji.ai/compare/maldives-vs-mauritius/,0,113,0%,23.88
https://tabiji.ai/compare/rotorua-vs-taupo/,0,112,0%,11.3
https://tabiji.ai/compare/yokohama-vs-tokyo/,0,111,0%,7.9
https://tabiji.ai/compare/ghana-vs-south-africa/,0,109,0%,8.4
https://tabiji.ai/compare/nagoya-vs-tokyo/,0,109,0%,9.94
https://tabiji.ai/compare/annecy-vs-chamonix/,0,108,0%,6.42
https://tabiji.ai/compare/christchurch-vs-queenstown/,0,108,0%,12.29
https://tabiji.ai/compare/ubud-vs-canggu/,0,108,0%,24.32
https://tabiji.ai/compare/japan-vs-australia/,0,107,0%,8.55
https://tabiji.ai/compare/prague-vs-budapest/,0,107,0%,9.23
https://tabiji.ai/compare/netherlands-vs-belgium/,0,107,0%,11.96
https://tabiji.ai/compare/casablanca-vs-marrakech/,0,107,0%,28.59
https://tabiji.ai/compare/zanzibar-vs-seychelles/,0,106,0%,14.43
https://tabiji.ai/compare/tokyo-vs-london/,0,105,0%,8.17
https://tabiji.ai/compare/hiroshima-vs-nagasaki/,0,105,0%,8.87
https://tabiji.ai/compare/lyon-vs-marseille/,0,103,0%,7.4
https://tabiji.ai/compare/colombo-vs-mumbai/,0,103,0%,8.27
https://tabiji.ai/compare/taipei-vs-kaohsiung/,0,103,0%,8.5
https://tabiji.ai/compare/ella-vs-kandy/,0,103,0%,9.12
https://tabiji.ai/compare/iceland-vs-alaska/,0,102,0%,6.87
https://tabiji.ai/compare/tokyo-vs-beijing/,0,102,0%,8.92
https://tabiji.ai/compare/scottish-highlands-vs-norwegian-fjords/,0,102,0%,14.35
https://tabiji.ai/compare/maldives-vs-tahiti/,0,101,0%,11.2
https://tabiji.ai/compare/tibet-vs-bhutan/,0,101,0%,15.1
https://tabiji.ai/compare/kobe-vs-kyoto/,0,99,0%,8.82
https://tabiji.ai/compare/cape-verde-vs-canary-islands/,0,99,0%,10.31
https://tabiji.ai/compare/france-vs-iceland/,0,97,0%,8.12
https://tabiji.ai/compare/haiti-vs-dominican-republic/,0,96,0%,5.44
https://tabiji.ai/compare/new-zealand-vs-australia/,0,96,0%,39.59
https://tabiji.ai/compare/kefalonia-vs-mykonos/,0,95,0%,3.57
https://tabiji.ai/compare/wellington-vs-queenstown/,0,95,0%,9.69
https://tabiji.ai/compare/bali-vs-thailand/,0,95,0%,16.01
https://tabiji.ai/compare/nagasaki-vs-fukuoka/,0,94,0%,9.28
https://tabiji.ai/compare/namibia-vs-south-africa/,0,94,0%,13.91
https://tabiji.ai/compare/asia/,0,93,0%,7.18
https://tabiji.ai/compare/jaipur-vs-delhi/,0,93,0%,8.16
https://tabiji.ai/compare/singapore-vs-penang/,0,93,0%,8.85
https://tabiji.ai/compare/oman-vs-uae/,0,93,0%,11.29
https://tabiji.ai/compare/andaman-islands-vs-lakshadweep/,0,93,0%,21.26
https://tabiji.ai/compare/ho-chi-minh-vs-phnom-penh/,0,92,0%,8
https://tabiji.ai/compare/muscat-vs-salalah/,0,92,0%,8.29
https://tabiji.ai/compare/catania-vs-palermo/,0,92,0%,8.73
https://tabiji.ai/compare/bali-vs-seychelles/,0,92,0%,9.09
https://tabiji.ai/compare/singapore-vs-bangkok/,0,91,0%,8.75
https://tabiji.ai/compare/pyongyang-vs-seoul/,0,91,0%,10.81
https://tabiji.ai/compare/kovalam-vs-varkala/,0,91,0%,11.85
https://tabiji.ai/compare/stuttgart-vs-munich/,0,90,0%,8.11
https://tabiji.ai/compare/tokyo-vs-rome/,0,89,0%,6.97
https://tabiji.ai/compare/austin-vs-nashville/,0,88,0%,7.68
https://tabiji.ai/compare/okavango-vs-serengeti/,0,88,0%,8.26
https://tabiji.ai/compare/great-barrier-reef-vs-ningaloo-reef/,0,88,0%,8.62
https://tabiji.ai/compare/courchevel-vs-zermatt/,0,88,0%,8.68
https://tabiji.ai/compare/nha-trang-vs-da-nang/,0,88,0%,8.75
https://tabiji.ai/compare/guatemala-vs-united-states/,0,88,0%,10.07
https://tabiji.ai/compare/sardinia-vs-corsica/,0,88,0%,10.5
https://tabiji.ai/compare/cuba-vs-jamaica/,0,88,0%,10.65
https://tabiji.ai/compare/dubai-vs-doha/,0,88,0%,16.7
https://tabiji.ai/compare/ishigaki-vs-miyako/,0,87,0%,8.3
https://tabiji.ai/compare/antigua-vs-lake-atitlan/,0,87,0%,8.9
https://tabiji.ai/compare/kefalonia-vs-zakynthos/,0,87,0%,8.93
https://tabiji.ai/compare/lagos-vs-abuja/,0,87,0%,10.06
https://tabiji.ai/compare/hwange-vs-chobe/,0,87,0%,10.26
https://tabiji.ai/compare/seychelles-vs-fiji/,0,86,0%,6.6
https://tabiji.ai/compare/sayulita-vs-puerto-vallarta/,0,86,0%,7.58
https://tabiji.ai/compare/chile-vs-uruguay/,0,85,0%,5.75
https://tabiji.ai/compare/bolivia-vs-colombia/,0,85,0%,6.55
https://tabiji.ai/compare/bratislava-vs-budapest/,0,85,0%,7.84
https://tabiji.ai/compare/houston-vs-san-antonio/,0,85,0%,9.14
https://tabiji.ai/compare/marseille-vs-monaco/,0,84,0%,6.11
https://tabiji.ai/compare/seoul-vs-taipei/,0,84,0%,7.85
https://tabiji.ai/compare/bali-vs-boracay/,0,84,0%,7.92
https://tabiji.ai/compare/manali-vs-leh/,0,84,0%,7.98
https://tabiji.ai/compare/zurich-vs-bern/,0,84,0%,10.51
https://tabiji.ai/compare/japan-vs-mexico/,0,83,0%,7.78
https://tabiji.ai/compare/moscow-vs-st-petersburg/,0,83,0%,8.72
https://tabiji.ai/compare/south-island-vs-north-island/,0,83,0%,47.18
https://tabiji.ai/compare/thar-desert-vs-sahara/,0,82,0%,8.54
https://tabiji.ai/compare/bonaire-vs-aruba/,0,82,0%,15.15
https://tabiji.ai/compare/bora-bora-vs-maldives/,0,82,0%,30.28
https://tabiji.ai/compare/etosha-vs-chobe/,0,81,0%,5.93
https://tabiji.ai/compare/cinque-terre-vs-portofino/,0,81,0%,7.58
https://tabiji.ai/compare/buenos-aires-vs-montevideo/,0,81,0%,8.74
https://tabiji.ai/compare/martinique-vs-guadeloupe/,0,81,0%,12.84
https://tabiji.ai/compare/taipei-vs-tainan/,0,80,0%,5.55
https://tabiji.ai/compare/san-diego-vs-tijuana/,0,80,0%,8.82
https://tabiji.ai/compare/zurich-vs-munich/,0,79,0%,7.78
https://tabiji.ai/compare/siem-reap-vs-phnom-penh/,0,79,0%,11.24
https://tabiji.ai/compare/victoria-vs-vancouver/,0,79,0%,11.32
https://tabiji.ai/compare/glacier-national-park-vs-banff/,0,78,0%,8.76
https://tabiji.ai/compare/vietnam-vs-thailand/,0,78,0%,13.4
https://tabiji.ai/compare/tokyo-vs-kyoto/,0,78,0%,26.63
https://tabiji.ai/compare/tampa-vs-miami/,0,77,0%,7.34
https://tabiji.ai/compare/dharamsala-vs-manali/,0,77,0%,8.58
https://tabiji.ai/compare/bucharest-vs-sofia/,0,77,0%,9.03
https://tabiji.ai/compare/japan-vs-taiwan/,0,77,0%,10.75
https://tabiji.ai/compare/dubai-vs-singapore/,0,77,0%,15.66
https://tabiji.ai/compare/bermuda-vs-st-barts/,0,76,0%,7.07
https://tabiji.ai/compare/honduras-vs-mexico/,0,76,0%,9.14
https://tabiji.ai/compare/costa-brava-vs-costa-del-sol/,0,76,0%,11.03
https://tabiji.ai/compare/colombo-vs-kandy/,0,76,0%,13.54
https://tabiji.ai/compare/namibia-vs-botswana/,0,76,0%,17.18
https://tabiji.ai/compare/alps-vs-andes/,0,75,0%,5.72
https://tabiji.ai/compare/ottawa-vs-toronto/,0,75,0%,8.25
https://tabiji.ai/compare/osaka-vs-seoul/,0,75,0%,8.6
https://tabiji.ai/compare/islamabad-vs-lahore/,0,74,0%,7.34
https://tabiji.ai/compare/pemba-vs-zanzibar/,0,74,0%,7.5
https://tabiji.ai/compare/sacramento-vs-san-francisco/,0,74,0%,7.76
https://tabiji.ai/compare/colombo-vs-galle/,0,74,0%,11.07
https://tabiji.ai/compare/dubai-vs-abu-dhabi/,0,74,0%,62.65
https://tabiji.ai/compare/cadiz-vs-malaga/,0,73,0%,7.52
https://tabiji.ai/compare/india-vs-southeast-asia/,0,73,0%,11.23
https://tabiji.ai/compare/spain-vs-turkey/,0,72,0%,5.14
https://tabiji.ai/compare/tunis-vs-marrakech/,0,72,0%,7.32
https://tabiji.ai/compare/dallas-vs-houston/,0,72,0%,11.46
https://tabiji.ai/compare/japan-vs-india/,0,72,0%,12.46
https://tabiji.ai/compare/riyadh-vs-jeddah/,0,71,0%,7.97
https://tabiji.ai/compare/nuremberg-vs-munich/,0,70,0%,7.11
https://tabiji.ai/compare/lyon-vs-paris/,0,70,0%,7.8
https://tabiji.ai/compare/mexico-vs-thailand/,0,70,0%,8.41
https://tabiji.ai/compare/colombia-vs-ecuador/,0,70,0%,10
https://tabiji.ai/compare/chengdu-vs-xi-an/,0,69,0%,7.14
https://tabiji.ai/compare/zanzibar-vs-cape-town/,0,69,0%,8.3
https://tabiji.ai/compare/bali-vs-maldives/,0,69,0%,13.36
https://tabiji.ai/compare/gozo-vs-malta/,0,69,0%,18.43
https://tabiji.ai/compare/great-smoky-mountains-vs-blue-ridge/,0,68,0%,8.24
https://tabiji.ai/compare/jaipur-vs-udaipur/,0,68,0%,12.16
https://tabiji.ai/compare/durban-vs-johannesburg/,0,67,0%,8.21
https://tabiji.ai/compare/costa-rica-vs-dominican-republic/,0,67,0%,8.25
https://tabiji.ai/compare/costa-rica-vs-ecuador/,0,67,0%,10.1
https://tabiji.ai/compare/estonia-vs-norway/,0,67,0%,10.88
https://tabiji.ai/compare/mexico-vs-portugal/,0,66,0%,7.11
https://tabiji.ai/compare/lisbon-vs-rome/,0,66,0%,8.03
https://tabiji.ai/compare/san-diego-vs-los-angeles/,0,66,0%,11.3
https://tabiji.ai/compare/da-nang-vs-ho-chi-minh/,0,66,0%,11.7
https://tabiji.ai/compare/georgia-vs-armenia/,0,66,0%,13.83
https://tabiji.ai/compare/budapest-vs-belgrade/,0,65,0%,6.46
https://tabiji.ai/compare/istanbul-vs-cairo/,0,65,0%,6.92
https://tabiji.ai/compare/kochi-vs-munnar/,0,65,0%,7.92
https://tabiji.ai/compare/adelaide-vs-melbourne/,0,64,0%,7.58
https://tabiji.ai/compare/seoul-vs-busan/,0,64,0%,8.58
https://tabiji.ai/compare/lanzarote-vs-tenerife/,0,64,0%,8.78
https://tabiji.ai/compare/auckland-vs-sydney/,0,64,0%,9.52
https://tabiji.ai/compare/nusa-penida-vs-gili-islands/,0,64,0%,10.58
https://tabiji.ai/compare/dubai-vs-bangkok/,0,63,0%,6.27
https://tabiji.ai/compare/hiroshima-vs-osaka/,0,63,0%,7.79
https://tabiji.ai/compare/suzhou-vs-hangzhou/,0,63,0%,8.52
https://tabiji.ai/compare/diani-vs-zanzibar/,0,63,0%,9.11
https://tabiji.ai/compare/borneo-vs-sumatra/,0,63,0%,9.49
https://tabiji.ai/compare/vientiane-vs-luang-prabang/,0,63,0%,9.79
https://tabiji.ai/compare/naxos-vs-crete/,0,63,0%,12.17
https://tabiji.ai/compare/costa-rica-vs-panama/,0,63,0%,13.25
https://tabiji.ai/compare/patagonia-vs-norwegian-fjords/,0,62,0%,3.84
https://tabiji.ai/compare/pokhara-vs-chitwan/,0,62,0%,6.92
https://tabiji.ai/compare/munich-vs-vienna/,0,62,0%,10.95
https://tabiji.ai/compare/london-vs-munich/,0,61,0%,6.62
https://tabiji.ai/compare/jakarta-vs-kuala-lumpur/,0,61,0%,8.92
https://tabiji.ai/compare/new-zealand-vs-usa/,0,61,0%,38.51
https://tabiji.ai/compare/san-juan-vs-vieques/,0,60,0%,6.52
https://tabiji.ai/compare/banff-vs-whistler/,0,60,0%,7.63
https://tabiji.ai/compare/gdansk-vs-krakow/,0,60,0%,7.93
https://tabiji.ai/compare/azores-vs-canary-islands/,0,60,0%,9.25
https://tabiji.ai/compare/rajasthan-vs-kerala/,0,60,0%,9.68
https://tabiji.ai/compare/rotorua-vs-queenstown/,0,60,0%,11.02
https://tabiji.ai/compare/lithuania-vs-poland/,0,59,0%,7.73
https://tabiji.ai/compare/nara-vs-osaka/,0,59,0%,8.07
https://tabiji.ai/compare/brisbane-vs-melbourne/,0,59,0%,10.15
https://tabiji.ai/compare/chile-vs-argentina/,0,59,0%,17.59
https://tabiji.ai/compare/global-mixed/,0,58,0%,4.79
https://tabiji.ai/compare/barcelona-vs-mallorca/,0,58,0%,6.83
https://tabiji.ai/compare/bologna-vs-florence/,0,58,0%,9.34
https://tabiji.ai/compare/kefalonia-vs-corfu/,0,58,0%,10.05
https://tabiji.ai/compare/ireland-vs-england/,0,58,0%,11.31
https://tabiji.ai/compare/lake-como-vs-french-riviera/,0,57,0%,6.51
https://tabiji.ai/compare/bogota-vs-quito/,0,57,0%,6.98
https://tabiji.ai/compare/basque-country-vs-catalonia/,0,57,0%,7.26
https://tabiji.ai/compare/berlin-vs-vienna/,0,57,0%,8.07
https://tabiji.ai/compare/rome-vs-amsterdam/,0,57,0%,8.37
https://tabiji.ai/compare/kigali-vs-kampala/,0,57,0%,10.47
https://tabiji.ai/compare/philippines-vs-thailand/,0,57,0%,11.12
https://tabiji.ai/compare/salvador-vs-recife/,0,56,0%,6.12
https://tabiji.ai/compare/lima-vs-quito/,0,56,0%,8.16
https://tabiji.ai/compare/greece-vs-turkey/,0,56,0%,9.88
https://tabiji.ai/compare/phu-quoc-vs-koh-samui/,0,55,0%,6.8
https://tabiji.ai/compare/istanbul-vs-athens/,0,55,0%,9.16
https://tabiji.ai/compare/lake-como-vs-lake-garda/,0,55,0%,9.16
https://tabiji.ai/compare/rome-vs-barcelona/,0,54,0%,6.93
https://tabiji.ai/compare/guatemala-vs-panama/,0,54,0%,8.17
https://tabiji.ai/compare/germany-vs-portugal/,0,54,0%,8.76
https://tabiji.ai/compare/costa-rica-vs-mexico/,0,54,0%,9.22
https://tabiji.ai/compare/chile-vs-mexico/,0,53,0%,7.09
https://tabiji.ai/compare/bali-vs-krabi/,0,53,0%,7.15
https://tabiji.ai/compare/chicago-vs-new-york/,0,53,0%,9.81
https://tabiji.ai/compare/wroclaw-vs-warsaw/,0,53,0%,11.92
https://tabiji.ai/compare/ghent-vs-bruges/,0,53,0%,19.45
https://tabiji.ai/compare/warsaw-vs-berlin/,0,52,0%,7.79
https://tabiji.ai/compare/langkawi-vs-koh-samui/,0,52,0%,8.58
https://tabiji.ai/compare/playa-del-carmen-vs-tulum/,0,52,0%,9.88
https://tabiji.ai/compare/costa-rica-vs-galapagos/,0,51,0%,6.04
https://tabiji.ai/compare/maui-vs-maldives/,0,51,0%,6.22
https://tabiji.ai/compare/cairns-vs-darwin/,0,51,0%,8.29
https://tabiji.ai/compare/siargao-vs-bohol/,0,51,0%,9.25
https://tabiji.ai/compare/jaisalmer-vs-jaipur/,0,51,0%,9.8
https://tabiji.ai/compare/bali-vs-philippines/,0,51,0%,10.02
https://tabiji.ai/compare/morocco-vs-tunisia/,0,51,0%,11.65
https://tabiji.ai/compare/new-caledonia-vs-new-zealand/,0,51,0%,11.88
https://tabiji.ai/compare/kathmandu-vs-lhasa/,0,50,0%,7.44
https://tabiji.ai/compare/dahab-vs-sharm-el-sheikh/,0,50,0%,8.12
https://tabiji.ai/compare/porto-vs-seville/,0,50,0%,8.38
https://tabiji.ai/compare/seattle-vs-toronto/,0,50,0%,9.28
https://tabiji.ai/compare/rishikesh-vs-dharamsala/,0,50,0%,9.88
https://tabiji.ai/compare/maui-vs-oahu/,0,50,0%,17.84
https://tabiji.ai/compare/belgium-vs-italy/,0,49,0%,5.18
https://tabiji.ai/compare/sapporo-vs-kyoto/,0,49,0%,6.14
https://tabiji.ai/compare/hiroshima-vs-kyoto/,0,49,0%,7.47
https://tabiji.ai/compare/kolkata-vs-varanasi/,0,49,0%,9.1
https://tabiji.ai/compare/lombok-vs-gili-islands/,0,49,0%,9.84
https://tabiji.ai/compare/rwanda-vs-kenya/,0,49,0%,13.35
https://tabiji.ai/compare/colombia-vs-mexico/,0,48,0%,8.25
https://tabiji.ai/compare/australia-vs-south-africa/,0,48,0%,9.85
https://tabiji.ai/compare/yosemite-vs-grand-canyon/,0,47,0%,7.6
https://tabiji.ai/compare/dominican-republic-vs-mexico/,0,47,0%,7.79
https://tabiji.ai/compare/bath-vs-cotswolds/,0,47,0%,8.02
https://tabiji.ai/compare/amalfi-coast-vs-french-riviera/,0,47,0%,8.3
https://tabiji.ai/compare/naples-vs-rome/,0,47,0%,8.89
https://tabiji.ai/compare/montevideo-vs-colonia/,0,47,0%,9.21
https://tabiji.ai/compare/lanzarote-vs-fuerteventura/,0,47,0%,9.38
https://tabiji.ai/compare/santorini-vs-milos/,0,47,0%,10.19
https://tabiji.ai/compare/san-francisco-vs-los-angeles/,0,47,0%,11.11
https://tabiji.ai/compare/bangkok-vs-phuket/,0,47,0%,11.19
https://tabiji.ai/compare/northern-italy-vs-southern-italy/,0,47,0%,17.96
https://tabiji.ai/compare/lombok-vs-bali/,0,47,0%,29.98
https://tabiji.ai/compare/lima-vs-bogota/,0,46,0%,7.43
https://tabiji.ai/compare/portland-vs-seattle/,0,46,0%,8.3
https://tabiji.ai/compare/miyazaki-vs-kagoshima/,0,46,0%,8.83
https://tabiji.ai/compare/kuala-lumpur-vs-penang/,0,46,0%,10.43
https://tabiji.ai/compare/french-alps-vs-swiss-alps/,0,45,0%,5.18
https://tabiji.ai/compare/bali-vs-palawan/,0,45,0%,5.76
https://tabiji.ai/compare/guilin-vs-zhangjiajie/,0,45,0%,9.33
https://tabiji.ai/compare/tahiti-vs-bora-bora/,0,45,0%,9.91
https://tabiji.ai/compare/germany-vs-austria/,0,45,0%,10.02
https://tabiji.ai/compare/vilnius-vs-tallinn/,0,45,0%,10.24
https://tabiji.ai/compare/mexico-vs-panama/,0,45,0%,11.29
https://tabiji.ai/compare/himalayas-vs-andes/,0,44,0%,7.82
https://tabiji.ai/compare/bogota-vs-cartagena/,0,44,0%,7.86
https://tabiji.ai/compare/agra-vs-delhi/,0,44,0%,8.93
https://tabiji.ai/compare/ko-chang-vs-koh-samui/,0,44,0%,9.61
https://tabiji.ai/compare/cabo-vs-cancun/,0,44,0%,10.14
https://tabiji.ai/compare/hyderabad-vs-chennai/,0,44,0%,10.68
https://tabiji.ai/compare/hawaii-vs-samoa/,0,44,0%,10.84
https://tabiji.ai/compare/yangon-vs-mandalay/,0,44,0%,13.09
https://tabiji.ai/compare/denmark-vs-portugal/,0,43,0%,6.35
https://tabiji.ai/compare/niagara-falls-vs-banff/,0,43,0%,7.47
https://tabiji.ai/compare/dubrovnik-vs-kotor/,0,43,0%,8.86
https://tabiji.ai/compare/boracay-vs-palawan/,0,43,0%,8.91
https://tabiji.ai/compare/mallorca-vs-menorca/,0,43,0%,9.12
https://tabiji.ai/compare/tucson-vs-sedona/,0,42,0%,6.36
https://tabiji.ai/compare/ireland-vs-portugal/,0,42,0%,6.62
https://tabiji.ai/compare/monaco-vs-st-tropez/,0,42,0%,6.74
https://tabiji.ai/compare/corfu-vs-crete/,0,42,0%,7.74
https://tabiji.ai/compare/colombia-vs-peru/,0,42,0%,8.43
https://tabiji.ai/compare/perth-vs-sydney/,0,42,0%,9.1
https://tabiji.ai/compare/tasmania-vs-south-island/,0,42,0%,10.86
https://tabiji.ai/compare/osaka-vs-kyoto/,0,42,0%,19.6
https://tabiji.ai/compare/koh-tao-vs-koh-lipe/,0,41,0%,6.71
https://tabiji.ai/compare/algarve-vs-amalfi-coast/,0,41,0%,7.39
https://tabiji.ai/compare/key-west-vs-miami/,0,41,0%,7.46
https://tabiji.ai/compare/new-zealand-vs-south-africa/,0,41,0%,7.9
https://tabiji.ai/compare/el-nido-vs-siargao/,0,41,0%,10.59
https://tabiji.ai/compare/agadir-vs-essaouira/,0,41,0%,14.44
https://tabiji.ai/compare/santorini-vs-capri/,0,40,0%,6.58
https://tabiji.ai/compare/mexico-city-vs-bogota/,0,40,0%,6.62
https://tabiji.ai/compare/bavarian-alps-vs-swiss-alps/,0,40,0%,7.85
https://tabiji.ai/compare/japan/,0,40,0%,8.05
https://tabiji.ai/compare/fez-vs-chefchaouen/,0,40,0%,8.82
https://tabiji.ai/compare/puglia-vs-sicily/,0,40,0%,8.97
https://tabiji.ai/compare/lucerne-vs-grindelwald/,0,40,0%,9.15
https://tabiji.ai/compare/prague-vs-krakow/,0,39,0%,9
https://tabiji.ai/compare/venice-vs-amsterdam/,0,39,0%,9.13
https://tabiji.ai/compare/oslo-vs-stockholm/,0,39,0%,9.49
https://tabiji.ai/compare/finland-vs-germany/,0,39,0%,9.54
https://tabiji.ai/compare/brazil-vs-morocco/,0,39,0%,11.08
https://tabiji.ai/compare/tanzania-vs-kenya/,0,39,0%,65.74
https://tabiji.ai/compare/ronda-vs-granada/,0,38,0%,7.42
https://tabiji.ai/compare/mui-ne-vs-nha-trang/,0,38,0%,7.87
https://tabiji.ai/compare/takayama-vs-kanazawa/,0,38,0%,8.29
https://tabiji.ai/compare/uzbekistan-vs-iran/,0,38,0%,9.79
https://tabiji.ai/compare/jordan-vs-egypt/,0,38,0%,12.32
https://tabiji.ai/compare/florida-vs-georgia/,0,37,0%,6.86
https://tabiji.ai/compare/brazil-vs-colombia/,0,37,0%,7.11
https://tabiji.ai/compare/vienna-vs-budapest/,0,37,0%,8.11
https://tabiji.ai/compare/jodhpur-vs-jaisalmer/,0,37,0%,9
https://tabiji.ai/compare/paris-vs-vienna/,0,37,0%,9.89
https://tabiji.ai/compare/amazonas-vs-pantanal/,0,37,0%,10.24
https://tabiji.ai/compare/south-africa-vs-tanzania/,0,37,0%,31.97
https://tabiji.ai/compare/sahara-vs-gobi/,0,36,0%,3.69
https://tabiji.ai/compare/da-lat-vs-chiang-mai/,0,36,0%,6.89
https://tabiji.ai/compare/yogyakarta-vs-solo/,0,36,0%,6.97
https://tabiji.ai/compare/raja-ampat-vs-great-barrier-reef/,0,36,0%,7
https://tabiji.ai/compare/lombok-vs-flores/,0,36,0%,7.19
https://tabiji.ai/compare/da-lat-vs-hoi-an/,0,36,0%,7.22
https://tabiji.ai/compare/rhodes-vs-santorini/,0,36,0%,8.22
https://tabiji.ai/compare/lake-como-vs-amalfi-coast/,0,36,0%,8.92
https://tabiji.ai/compare/aspen-vs-vail/,0,36,0%,9.33
https://tabiji.ai/compare/oaxaca-vs-guadalajara/,0,36,0%,9.86
https://tabiji.ai/compare/brazil-vs-argentina/,0,36,0%,14.31
https://tabiji.ai/compare/andalusia-vs-catalonia/,0,35,0%,4.91
https://tabiji.ai/compare/argentina-vs-colombia/,0,35,0%,6.31
https://tabiji.ai/compare/mexico/,0,35,0%,7.11
https://tabiji.ai/compare/san-pedro-de-atacama-vs-uyuni/,0,35,0%,7.34
https://tabiji.ai/compare/cartagena-vs-santa-marta/,0,35,0%,7.54
https://tabiji.ai/compare/vang-vieng-vs-vientiane/,0,35,0%,8
https://tabiji.ai/compare/zanzibar-vs-mozambique/,0,35,0%,8.83
https://tabiji.ai/compare/amsterdam-vs-copenhagen/,0,35,0%,9.69
https://tabiji.ai/compare/japan-vs-thailand/,0,35,0%,10.2
https://tabiji.ai/compare/vienna-vs-prague/,0,35,0%,10.23
https://tabiji.ai/compare/france-vs-england/,0,35,0%,11.06
https://tabiji.ai/compare/sahara-vs-atacama/,0,34,0%,3.5
https://tabiji.ai/compare/menorca-vs-formentera/,0,34,0%,5.68
https://tabiji.ai/compare/tromso-vs-lofoten/,0,34,0%,7.15
https://tabiji.ai/compare/canada-vs-mexico/,0,34,0%,7.59
https://tabiji.ai/compare/roatan-vs-cozumel/,0,34,0%,7.85
https://tabiji.ai/compare/mexico-vs-turkey/,0,34,0%,8.21
https://tabiji.ai/compare/tokyo-vs-paris/,0,34,0%,8.47
https://tabiji.ai/compare/kruger-vs-okavango-delta/,0,34,0%,8.56
https://tabiji.ai/compare/lalibela-vs-axum/,0,34,0%,8.62
https://tabiji.ai/compare/tokyo-vs-manila/,0,34,0%,8.79
https://tabiji.ai/compare/budapest-vs-krakow/,0,34,0%,8.97
https://tabiji.ai/compare/seville-vs-lisbon/,0,34,0%,9
https://tabiji.ai/compare/marrakech-vs-fez/,0,34,0%,10.53
https://tabiji.ai/compare/norway-vs-sweden/,0,34,0%,18.12
https://tabiji.ai/compare/san-jose-vs-medellin/,0,33,0%,7.55
https://tabiji.ai/compare/japan-vs-malaysia/,0,33,0%,8.03
https://tabiji.ai/compare/bulgaria-vs-spain/,0,33,0%,8.39
https://tabiji.ai/compare/krakow-vs-warsaw/,0,33,0%,8.45
https://tabiji.ai/compare/sintra-vs-cascais/,0,33,0%,8.67
https://tabiji.ai/compare/asheville-vs-gatlinburg/,0,33,0%,9
https://tabiji.ai/compare/porto-vs-krakow/,0,33,0%,9.33
https://tabiji.ai/compare/chiang-mai-vs-pattaya/,0,33,0%,9.45
https://tabiji.ai/compare/sydney-vs-brisbane/,0,33,0%,13.97
https://tabiji.ai/compare/bangkok-vs-kuala-lumpur/,0,33,0%,14.7
https://tabiji.ai/compare/bristol-vs-london/,0,32,0%,6.44
https://tabiji.ai/compare/las-vegas-vs-scottsdale/,0,32,0%,6.78
https://tabiji.ai/compare/san-diego-vs-miami/,0,32,0%,7.12
https://tabiji.ai/compare/los-angeles-vs-las-vegas/,0,32,0%,7.88
https://tabiji.ai/compare/chiang-mai-vs-hoi-an/,0,32,0%,8.16
https://tabiji.ai/compare/isle-of-skye-vs-highlands/,0,32,0%,8.28
https://tabiji.ai/compare/copenhagen-vs-stockholm/,0,32,0%,8.31
https://tabiji.ai/compare/taipei-vs-beijing/,0,32,0%,9.31
https://tabiji.ai/compare/new-york-vs-miami/,0,32,0%,11.31
https://tabiji.ai/compare/atlanta-vs-charlotte/,0,32,0%,11.81
https://tabiji.ai/compare/andaman-islands-vs-maldives/,0,32,0%,12.16
https://tabiji.ai/compare/grand-canyon-vs-antelope-canyon/,0,32,0%,14.09
https://tabiji.ai/compare/tokyo-vs-barcelona/,0,31,0%,6.77
https://tabiji.ai/compare/napa-valley-vs-tuscany/,0,31,0%,6.84
https://tabiji.ai/compare/abu-dhabi-vs-ras-al-khaimah/,0,31,0%,7
https://tabiji.ai/compare/sibiu-vs-brasov/,0,31,0%,8.03
https://tabiji.ai/compare/agra-vs-jaipur/,0,31,0%,8.16
https://tabiji.ai/compare/argentina-vs-portugal/,0,31,0%,8.35
https://tabiji.ai/compare/cartagena-vs-rio-de-janeiro/,0,31,0%,8.65
https://tabiji.ai/compare/glacier-national-park-vs-yellowstone/,0,31,0%,8.77
https://tabiji.ai/compare/bavarian-alps-vs-austrian-alps/,0,31,0%,14.32
https://tabiji.ai/compare/scotland-vs-ireland/,0,31,0%,16.87
https://tabiji.ai/compare/easter-island-vs-galapagos/,0,30,0%,5.5
https://tabiji.ai/compare/tokyo-vs-ho-chi-minh-city/,0,30,0%,6.13
https://tabiji.ai/compare/lima-vs-buenos-aires/,0,30,0%,6.7
https://tabiji.ai/compare/bologna-vs-naples/,0,30,0%,6.77
https://tabiji.ai/compare/reykjavik-vs-bergen/,0,30,0%,7
https://tabiji.ai/compare/tokyo-vs-kuala-lumpur/,0,30,0%,7
https://tabiji.ai/compare/krabi-vs-koh-lanta/#where-to-stay,0,30,0%,8.4
https://tabiji.ai/compare/england-vs-italy/,0,30,0%,8.43
https://tabiji.ai/compare/tbilisi-vs-medellin/,0,30,0%,8.57
https://tabiji.ai/compare/milan-vs-venice/,0,30,0%,8.97
https://tabiji.ai/compare/hampi-vs-mysore/,0,30,0%,9.4
https://tabiji.ai/compare/bern-vs-zurich/,0,30,0%,9.63
https://tabiji.ai/compare/ghana-vs-south-korea/,0,30,0%,10.4
https://tabiji.ai/compare/cali-vs-medellin/,0,30,0%,10.67
https://tabiji.ai/compare/japan-vs-south-korea/,0,30,0%,13.37
https://tabiji.ai/compare/bali/,0,30,0%,22.13
https://tabiji.ai/compare/playa-del-carmen-vs-medellin/,0,29,0%,7.21
https://tabiji.ai/compare/madrid-vs-lisbon/,0,29,0%,7.34
https://tabiji.ai/compare/santa-barbara-vs-monterey/,0,29,0%,7.72
https://tabiji.ai/compare/douro-vs-rioja/,0,29,0%,8.1
https://tabiji.ai/compare/hawaii-vs-caribbean/,0,29,0%,8.38
https://tabiji.ai/compare/krabi-vs-koh-lanta/#quick-comparison,0,29,0%,8.66
https://tabiji.ai/compare/mexico-city-vs-havana/,0,29,0%,8.93
https://tabiji.ai/compare/south-korea-vs-oman/,0,29,0%,8.93
https://tabiji.ai/compare/bruges-vs-amsterdam/,0,29,0%,9.1
https://tabiji.ai/compare/berlin-vs-prague/,0,29,0%,9.93
https://tabiji.ai/compare/london-vs-milan/,0,29,0%,10.03
https://tabiji.ai/compare/margaret-river-vs-barossa-valley/,0,29,0%,10.14
https://tabiji.ai/compare/quito-vs-cuenca/,0,29,0%,10.59
https://tabiji.ai/compare/koyasan-vs-kumano-kodo/,0,29,0%,11.72
https://tabiji.ai/compare/philadelphia-vs-washington-dc/,0,28,0%,6.71
https://tabiji.ai/compare/lijiang-vs-dali/,0,28,0%,7.25
https://tabiji.ai/compare/bordeaux-vs-lyon/,0,28,0%,7.29
https://tabiji.ai/compare/italy/,0,28,0%,7.29
https://tabiji.ai/compare/germany-vs-italy/,0,28,0%,8
https://tabiji.ai/compare/turkey-vs-egypt/,0,28,0%,8.39
https://tabiji.ai/compare/nagano-vs-hakone/,0,28,0%,8.43
https://tabiji.ai/compare/zion-vs-arches/,0,28,0%,8.64
https://tabiji.ai/compare/tokyo-vs-nikko/,0,28,0%,9.61
https://tabiji.ai/compare/italy-vs-france/,0,28,0%,11.75
https://tabiji.ai/compare/kuala-lumpur-vs-singapore/,0,28,0%,11.82
https://tabiji.ai/compare/mumbai-vs-delhi/,0,28,0%,14.64
https://tabiji.ai/compare/mexico-vs-usa/,0,27,0%,5.56
https://tabiji.ai/compare/corsica-vs-crete/,0,27,0%,5.7
https://tabiji.ai/compare/london-vs-florence/,0,27,0%,6.22
https://tabiji.ai/compare/nepal-vs-uae/,0,27,0%,6.96
https://tabiji.ai/compare/ghana-vs-japan/,0,27,0%,7.41
https://tabiji.ai/compare/ischia-vs-capri/,0,27,0%,7.93
https://tabiji.ai/compare/santiago-vs-lima/,0,27,0%,8.07
https://tabiji.ai/compare/krabi-vs-koh-lanta/#vibe-and-crowd,0,27,0%,9.19
https://tabiji.ai/compare/mandalay-vs-bagan/,0,27,0%,9.33
https://tabiji.ai/compare/peru-vs-argentina/,0,27,0%,9.48
https://tabiji.ai/compare/zagreb-vs-split/,0,27,0%,10.3
https://tabiji.ai/compare/east-coast-australia-vs-west-coast/,0,27,0%,10.56
https://tabiji.ai/compare/iguazu-vs-victoria-falls/,0,27,0%,11.3
https://tabiji.ai/compare/chongqing-vs-chengdu/,0,27,0%,12.3
https://tabiji.ai/compare/nicaragua-vs-costa-rica/,0,27,0%,13.22
https://tabiji.ai/compare/hua-hin-vs-pattaya/,0,27,0%,14.7
https://tabiji.ai/compare/thessaloniki-vs-istanbul/,0,26,0%,5.42
https://tabiji.ai/compare/queensland-vs-victoria/,0,26,0%,5.5
https://tabiji.ai/compare/tokyo-vs-chengdu/,0,26,0%,5.96
https://tabiji.ai/compare/phoenix-vs-tucson/,0,26,0%,7.58
https://tabiji.ai/compare/mexico-vs-switzerland/,0,26,0%,8.23
https://tabiji.ai/compare/barcelona-vs-amsterdam/,0,26,0%,8.31
https://tabiji.ai/compare/krabi-vs-koh-lanta/#cost-comparison,0,26,0%,9.15
https://tabiji.ai/compare/kruger-vs-serengeti/,0,26,0%,11.27
https://tabiji.ai/compare/azores-vs-madeira/,0,26,0%,13.62
https://tabiji.ai/compare/colombia-vs-portugal/,0,26,0%,14.5
https://tabiji.ai/compare/vietnam-vs-laos/,0,26,0%,15.96
https://tabiji.ai/compare/otaru-vs-hakodate/,0,25,0%,5.48
https://tabiji.ai/compare/osaka-vs-bangkok/,0,25,0%,6.2
https://tabiji.ai/compare/malacca-vs-george-town/,0,25,0%,6.88
https://tabiji.ai/compare/patagonia-vs-faroe-islands/,0,25,0%,7.48
https://tabiji.ai/compare/bali-vs-el-nido/,0,25,0%,7.52
https://tabiji.ai/compare/patagonia-vs-iceland/,0,25,0%,7.88
https://tabiji.ai/compare/tokyo-vs-hakone/,0,25,0%,8.48
https://tabiji.ai/compare/langkawi-vs-phuket/,0,25,0%,9.72
https://tabiji.ai/compare/rome-vs-paris/,0,25,0%,9.8
https://tabiji.ai/compare/seville-vs-malaga/,0,25,0%,10.6
https://tabiji.ai/compare/hakone-vs-nikko/,0,25,0%,13.96
https://tabiji.ai/compare/paris-vs-lake-como/,0,24,0%,4.71
https://tabiji.ai/compare/swiss-alps-vs-french-riviera/,0,24,0%,4.79
https://tabiji.ai/compare/crete-vs-peloponnese/,0,24,0%,5
https://tabiji.ai/compare/galapagos-vs-madagascar/,0,24,0%,5.38
https://tabiji.ai/compare/medellin-vs-buenos-aires/,0,24,0%,6.62
https://tabiji.ai/compare/sofia-vs-tbilisi/,0,24,0%,7.04
https://tabiji.ai/compare/rome-vs-athens/,0,24,0%,7.38
https://tabiji.ai/compare/belgrade-vs-bucharest/,0,24,0%,7.5
https://tabiji.ai/compare/washington-dc-vs-boston/,0,24,0%,7.75
https://tabiji.ai/compare/tulum-vs-cozumel/,0,24,0%,7.92
https://tabiji.ai/compare/sofia-vs-budapest/,0,24,0%,8.04
https://tabiji.ai/compare/dalmatian-coast-vs-amalfi-coast/,0,24,0%,8.5
https://tabiji.ai/compare/dubrovnik-vs-split/,0,24,0%,8.88
https://tabiji.ai/compare/hamburg-vs-frankfurt/,0,24,0%,9
https://tabiji.ai/compare/zion-vs-grand-canyon/,0,24,0%,9.38
https://tabiji.ai/compare/havana-vs-trinidad-cuba/,0,24,0%,10.04
https://tabiji.ai/compare/shimokitazawa-vs-golden-gai/,0,24,0%,11.67
https://tabiji.ai/compare/hurghada-vs-sharm-el-sheikh/,0,24,0%,14
https://tabiji.ai/compare/palau-vs-great-barrier-reef/,0,24,0%,14.96
https://tabiji.ai/compare/chiang-mai-vs-chiang-rai/,0,24,0%,17.29
https://tabiji.ai/compare/denver-vs-san-francisco/,0,23,0%,4.91
https://tabiji.ai/compare/london-vs-berlin/,0,23,0%,6.87
https://tabiji.ai/compare/chengdu-vs-lijiang/,0,23,0%,7.09
https://tabiji.ai/compare/florence-vs-barcelona/,0,23,0%,7.22
https://tabiji.ai/compare/calgary-vs-edmonton/,0,23,0%,7.26
https://tabiji.ai/compare/istanbul-vs-marrakech/,0,23,0%,7.48
https://tabiji.ai/compare/cabo-san-lucas-vs-puerto-vallarta/,0,23,0%,7.7
https://tabiji.ai/compare/vietnam-vs-indonesia/,0,23,0%,9.96
https://tabiji.ai/compare/aconcagua-vs-denali/,0,23,0%,11.65
https://tabiji.ai/compare/chicago-vs-los-angeles/,0,23,0%,12.3
https://tabiji.ai/compare/kenya-vs-uganda/,0,23,0%,18.57
https://tabiji.ai/compare/patagonia-vs-canadian-rockies/,0,22,0%,5.18
https://tabiji.ai/compare/champagne-vs-bordeaux/,0,22,0%,6.27
https://tabiji.ai/compare/argentina-vs-spain/,0,22,0%,6.95
https://tabiji.ai/compare/stockholm-vs-berlin/,0,22,0%,7.18
https://tabiji.ai/compare/tokyo-vs-bangkok/,0,22,0%,8.32
https://tabiji.ai/compare/barcelona-vs-frankfurt/,0,22,0%,8.73
https://tabiji.ai/compare/milan-vs-barcelona/,0,22,0%,9.55
https://tabiji.ai/compare/bangkok-vs-taipei/,0,22,0%,9.59
https://tabiji.ai/compare/madrid-vs-barcelona/,0,22,0%,9.64
https://tabiji.ai/compare/pattaya-vs-phuket/,0,22,0%,9.95
https://tabiji.ai/compare/beijing-vs-shanghai/,0,22,0%,11.91
https://tabiji.ai/compare/tenerife-vs-gran-canaria/,0,22,0%,12.95
https://tabiji.ai/compare/granada-vs-leon-nicaragua/,0,22,0%,16.86
https://tabiji.ai/compare/nice-vs-cannes/,0,21,0%,5.71
https://tabiji.ai/compare/perth-vs-bali/,0,21,0%,6.14
https://tabiji.ai/compare/argentina-vs-mexico/,0,21,0%,6.9
https://tabiji.ai/compare/lisbon-vs-barcelona/,0,21,0%,7.43
https://tabiji.ai/compare/athens-vs-barcelona/,0,21,0%,7.86
https://tabiji.ai/compare/coron-vs-el-nido/,0,21,0%,8.33
https://tabiji.ai/compare/santa-fe-vs-taos/,0,21,0%,8.33
https://tabiji.ai/compare/lisbon-vs-porto/,0,21,0%,8.62
https://tabiji.ai/compare/portland-vs-denver/,0,21,0%,10.81
https://tabiji.ai/compare/hue-vs-hoi-an/,0,21,0%,10.9
https://tabiji.ai/compare/amsterdam-vs-berlin/,0,21,0%,13.86
https://tabiji.ai/compare/savannah-vs-charleston/,0,21,0%,14.1
https://tabiji.ai/compare/tulum-vs-puerto-vallarta/,0,20,0%,4.95
https://tabiji.ai/compare/big-sur-vs-pacific-coast-highway/,0,20,0%,5.05
https://tabiji.ai/compare/finland-vs-poland/,0,20,0%,5.05
https://tabiji.ai/compare/bariloche-vs-el-calafate/,0,20,0%,5.55
https://tabiji.ai/compare/finland-vs-netherlands/,0,20,0%,5.95
https://tabiji.ai/compare/madrid-vs-mallorca/,0,20,0%,6.7
https://tabiji.ai/compare/paris-vs-prague/,0,20,0%,6.9
https://tabiji.ai/compare/colmar-vs-strasbourg/,0,20,0%,7.15
https://tabiji.ai/compare/sukhothai-vs-ayutthaya/,0,20,0%,7.35
https://tabiji.ai/compare/tuscany-vs-amalfi-coast/,0,20,0%,8.35
https://tabiji.ai/compare/new-caledonia-vs-fiji/#quick-comparison,0,20,0%,8.4
https://tabiji.ai/compare/yellowstone-vs-grand-canyon/,0,20,0%,8.5
https://tabiji.ai/compare/india-vs-new-zealand/,0,20,0%,8.6
https://tabiji.ai/compare/andes-vs-rockies/,0,20,0%,8.65
https://tabiji.ai/compare/victoria-falls-vs-iguazu-falls/,0,20,0%,9.45
https://tabiji.ai/compare/mancora-vs-huanchaco/,0,20,0%,9.75
https://tabiji.ai/compare/new-york-vs-london/,0,20,0%,9.85
https://tabiji.ai/compare/cartagena-vs-medellin/,0,20,0%,11.5
https://tabiji.ai/compare/south-africa-vs-kenya/,0,20,0%,13.9
https://tabiji.ai/compare/valencia-vs-barcelona/,0,20,0%,15.25
https://tabiji.ai/compare/phuket-vs-koh-samui/,0,20,0%,21.5
https://tabiji.ai/compare/provence-vs-tuscany/,0,19,0%,5.63
https://tabiji.ai/compare/havana-vs-trinidad/,0,19,0%,6.32
https://tabiji.ai/compare/amritsar-vs-varanasi/,0,19,0%,6.58
https://tabiji.ai/compare/charlotte-vs-raleigh/,0,19,0%,6.58
https://tabiji.ai/compare/alps-vs-rockies/,0,19,0%,7.58
https://tabiji.ai/compare/bordeaux-vs-paris/,0,19,0%,7.68
https://tabiji.ai/compare/buenos-aires-vs-rio-de-janeiro/,0,19,0%,8.05
https://tabiji.ai/compare/paris-vs-lisbon/,0,19,0%,8.05
https://tabiji.ai/compare/manchester-vs-london/,0,19,0%,9.95
https://tabiji.ai/compare/georgia-vs-texas/,0,19,0%,10.79
https://tabiji.ai/compare/cozumel-vs-cancun/,0,19,0%,11.05
https://tabiji.ai/compare/banff-vs-jasper/,0,19,0%,11.16
https://tabiji.ai/compare/tokyo-vs-takayama/,0,19,0%,13.11
https://tabiji.ai/compare/hallstatt-vs-interlaken/,0,18,0%,4.94
https://tabiji.ai/compare/ghent-vs-amsterdam/,0,18,0%,6.06
https://tabiji.ai/compare/rioja-vs-bordeaux/,0,18,0%,6.22
https://tabiji.ai/compare/toronto-vs-new-york/,0,18,0%,6.39
https://tabiji.ai/compare/bali-vs-medellin/,0,18,0%,6.44
https://tabiji.ai/compare/tamarindo-vs-nosara/,0,18,0%,7.56
https://tabiji.ai/compare/tokyo-vs-kamakura/,0,18,0%,7.61
https://tabiji.ai/compare/boise-vs-portland/,0,18,0%,7.67
https://tabiji.ai/compare/guatemala-vs-usa/,0,18,0%,7.72
https://tabiji.ai/compare/budapest-vs-lisbon/,0,18,0%,7.83
https://tabiji.ai/compare/new-caledonia-vs-fiji/#nature-landscapes,0,18,0%,9.28
https://tabiji.ai/compare/cuba-vs-dominican-republic/,0,18,0%,9.39
https://tabiji.ai/compare/porto-vs-douro-valley/,0,18,0%,9.72
https://tabiji.ai/compare/denver-vs-salt-lake-city/,0,18,0%,12.78
https://tabiji.ai/compare/cusco-vs-lima/,0,18,0%,16.83
https://tabiji.ai/compare/ring-of-kerry-vs-wild-atlantic-way/,0,17,0%,5.82
https://tabiji.ai/compare/douro-valley-vs-algarve/,0,17,0%,6.65
https://tabiji.ai/compare/tbilisi-vs-bangkok/,0,17,0%,6.65
https://tabiji.ai/compare/indonesia-vs-lebanon/,0,17,0%,7.06
https://tabiji.ai/compare/houston-vs-new-orleans/,0,17,0%,7.12
https://tabiji.ai/compare/medellin-vs-mexico-city/,0,17,0%,7.41
https://tabiji.ai/compare/kagoshima-vs-okinawa/,0,17,0%,7.47
https://tabiji.ai/compare/matsumoto-vs-nagano/,0,17,0%,7.53
https://tabiji.ai/compare/san-sebastian-vs-barcelona/,0,17,0%,8.12
https://tabiji.ai/compare/kyoto-vs-seoul/,0,17,0%,8.35
https://tabiji.ai/compare/canggu-vs-da-nang/,0,17,0%,8.41
https://tabiji.ai/compare/chile-vs-ecuador/,0,17,0%,9.53
https://tabiji.ai/compare/new-caledonia-vs-fiji/#getting-around-infrastructure,0,17,0%,9.65
https://tabiji.ai/compare/mendoza-vs-buenos-aires/,0,17,0%,9.71
https://tabiji.ai/compare/japan-vs-korea/,0,17,0%,10
https://tabiji.ai/compare/germany-vs-mexico/,0,16,0%,4.56
https://tabiji.ai/compare/hobart-vs-sydney/,0,16,0%,5.06
https://tabiji.ai/compare/vilnius-vs-warsaw/,0,16,0%,5.31
https://tabiji.ai/compare/cartagena-vs-havana/,0,16,0%,5.69
https://tabiji.ai/compare/uluru-vs-kakadu/,0,16,0%,6.38
https://tabiji.ai/compare/nosy-be-vs-zanzibar/,0,16,0%,6.44
https://tabiji.ai/compare/phuket-vs-penang/,0,16,0%,6.56
https://tabiji.ai/compare/capri-vs-positano/,0,16,0%,6.88
https://tabiji.ai/compare/minneapolis-vs-chicago/,0,16,0%,7.25
https://tabiji.ai/compare/seville-vs-cordoba/,0,16,0%,7.56
https://tabiji.ai/compare/denmark-vs-greece/,0,16,0%,8.25
https://tabiji.ai/compare/seattle-vs-vancouver/,0,16,0%,8.25
https://tabiji.ai/compare/moab-vs-zion/,0,16,0%,8.38
https://tabiji.ai/compare/cape-town-vs-marrakech/,0,16,0%,8.75
https://tabiji.ai/compare/lapland-vs-tromso/,0,16,0%,8.75
https://tabiji.ai/compare/kyoto-vs-kanazawa/,0,16,0%,10.06
https://tabiji.ai/compare/joshua-tree-vs-death-valley/,0,16,0%,10.69
https://tabiji.ai/compare/hampi-vs-varanasi/,0,16,0%,11.62
https://tabiji.ai/compare/noosa-vs-sunshine-coast/,0,16,0%,11.94
https://tabiji.ai/compare/portugal-vs-usa/,0,16,0%,12.06
https://tabiji.ai/compare/penang-vs-bangkok/,0,16,0%,14.44
https://tabiji.ai/compare/oaxaca-vs-puebla/,0,15,0%,5.53
https://tabiji.ai/compare/nepal-vs-scotland/,0,15,0%,5.67
https://tabiji.ai/compare/luxury/,0,15,0%,5.87
https://tabiji.ai/compare/lanzarote-vs-madeira/,0,15,0%,6.07
https://tabiji.ai/compare/riviera-maya-vs-yucatan/,0,15,0%,6.47
https://tabiji.ai/compare/edinburgh-vs-london/,0,15,0%,7.4
https://tabiji.ai/compare/yarra-valley-vs-barossa-valley/,0,15,0%,7.6
https://tabiji.ai/compare/bulgaria-vs-georgia/,0,15,0%,8.13
https://tabiji.ai/compare/montreal-vs-paris/,0,15,0%,8.13
https://tabiji.ai/compare/london-vs-madrid/,0,15,0%,8.93
https://tabiji.ai/compare/krabi-vs-koh-lanta/#beaches,0,15,0%,9
https://tabiji.ai/compare/india-vs-uae/,0,15,0%,9.53
https://tabiji.ai/compare/tokyo-vs-kanazawa/,0,15,0%,10
https://tabiji.ai/compare/da-nang-vs-hoi-an/,0,15,0%,10.2
https://tabiji.ai/compare/guanajuato-vs-san-miguel-de-allende/,0,15,0%,10.2
https://tabiji.ai/compare/amalfi-coast-vs-cinque-terre/,0,15,0%,10.33
https://tabiji.ai/compare/argentina-vs-france/,0,15,0%,10.33
https://tabiji.ai/compare/whitsundays-vs-great-barrier-reef/,0,15,0%,10.4
https://tabiji.ai/compare/berlin-vs-hamburg/,0,15,0%,13.27
https://tabiji.ai/compare/phoenix-vs-las-vegas/,0,15,0%,14.87
https://tabiji.ai/compare/shimla-vs-manali/,0,15,0%,17.6
https://tabiji.ai/compare/bolivia-vs-uruguay/,0,15,0%,19.13
https://tabiji.ai/compare/petra-vs-jerash/,0,14,0%,2.21
https://tabiji.ai/compare/palawan-vs-borneo/,0,14,0%,3.71